,Number/file name in AWS,Reflected in Google Map to NUS President,Type,Longname,Shortname,Lon,Lat,X,Y,STREET_CarPark_percent,STREET_CarPark_distance,STREET_CourtTrack_percent,STREET_CourtTrack_distance,STREET_Path_percent,STREET_Path_distance,STREET_Road_percent,STREET_Road_distance,STREET_Walkway_percent,STREET_Walkway_distance,BLDandVEG_Sun_h,BLDandVEG_SkyExp,VEG_Tree_Height,VEG_TypeA_percent,VEG_TypeB_percent,VEG_TypeC_percent,VEG_TypeD_percent,VEG_TypeE_percent,VEG_Turf_percent,VEG_Shrub_percent,BLD_percent,BLD_Height,Terrain_height,VEG_TypeA_distance,VEG_TypeB_distance,VEG_TypeC_distance,VEG_TypeD_distance,VEG_TypeE_distance,VEG_Turf_distance,VEG_Shrub_distance
0,3,4,Weather station,Railing - E1 level 2,WS03,103.7707762,1.2988649,21039.589702962014,31247.48616768063,-0.23576285484617848,-0.515261867029994,-0.1393616913663457,0.15103119776726648,-0.1952673931435425,0.362354751041192,1.4396046801524391,-0.8458231533593674,-0.21348281562425503,0.07096845286000546,-0.29606791587432585,-0.4436443350588773,-0.6974100476999251,-0.3160805023445425,-0.5272956947066008,-0.2134221341675666,-0.46088428624670985,0.1508490871430777,-0.3374904167160422,-0.102024693288198,0.5801856294600777,1.1225576264045314,0.6780917791359207,-0.004419997218688099,0.5345256667475227,0.1342978901278882,-0.2946250535496777,-0.4014551689534868,-0.5332827070140314,-0.7290565126044868
1,6,11,Weather station,Column - AS8 / bus stop Central Library,WS06,103.772434,1.2965394,21224.081972606575,30990.33971316231,-0.23576285484617848,-0.4138777005025462,-0.1393616913663457,1.1944511127671464,-0.1952673931435425,-0.8342369392532154,1.820061508032845,-0.8465161608921171,1.7898601312421771,-1.0162445929012838,-0.7941262469189713,-0.4386402183683663,1.0932880621218082,2.7158891734233017,-0.49627379161435314,-0.2134221341675666,-0.48055523973516145,-0.26599236280384064,2.095481019900241,-0.102024693288198,-0.684629414740228,-0.5317790761057838,0.37875626394272677,-0.8919855524589815,-0.4988275667447242,-0.13008471630617718,-0.30885824521931005,-0.29418251050152644,-0.5701283782333966,-0.6071287764494061
2,9,19,Weather station,Roof - i4,WS09,103.7760502,1.2944,21626.528010440386,30753.766382770053,-0.23576285484617848,-0.3675873270421252,-0.1393616913663457,0.7606931929568181,-0.1952673931435425,-0.33863775797638285,-0.37719219630480283,-0.025941206656531695,-0.21348281562425503,-0.4202887399814469,-0.66961166415781,-0.6623287434882351,-0.29788372245530187,-0.3160805023445425,0.4723506091901141,-0.2134221341675666,-0.44777031725440886,-0.26599236280384064,-0.5674195854512074,-0.102024693288198,0.3124510580600129,0.45553333763264725,0.4391227625292382,-0.3566854662961195,-0.5700932659661736,0.025131804836125766,-0.27572221518996565,-0.18879436041504766,0.32706705548519216,-0.7996542383829419
3,11,10,Weather station,Lamp post - bus stop NUS IT,WS11,103.772713,1.297254,21255.13412190791,31069.35579654786,-0.23576285484617848,-0.898166471338617,-0.1393616913663457,0.6905685883359651,-0.1952673931435425,-0.8728451444545762,0.2527950207117397,-0.8105218705527483,5.086743257207044,-1.0257457825807208,1.3226216600207716,0.3608928447308413,-0.2237875358604234,-0.3160805023445425,-0.5272956947066008,-0.2134221341675666,0.0276110587165042,0.06929315128389804,-0.5192948757159404,-0.102024693288198,-0.684629414740228,-0.5317790761057838,0.9486228784604046,-0.7894388359202255,-0.2281840884979686,-0.46459880555673505,-0.3904745190473304,-0.44063871841088653,-0.5249581920914096,-0.8782398959036817
4,13,22,Weather station,Lamp post - to PGPR carpark,WS13,103.7808492,1.2910229,22160.607366818887,30380.33237295651,-0.23576285484617848,0.18559832084208416,-0.1393616913663457,-0.9978878469553732,-0.1952673931435425,-0.6426240201806938,2.2875459099020885,-0.8465161608921171,-0.21348281562425503,-0.9204341166713862,1.4471362427819332,0.6806631717381192,-0.4412676662750837,-0.3160805023445425,-0.5272956947066008,-0.2134221341675666,0.23087757809717058,0.6854935555532555,-0.3374904167160422,-0.102024693288198,1.115654772260207,-0.5317790761057838,0.10611144937945709,-0.44786675679295984,0.3407597506349201,-0.4189963966716916,-0.4039105414400064,-0.4723561376374511,-0.5525721817205935,-0.9218070829977062
5,14,24,Weather station,Roof - PGP Blk 2,WS14,103.7826313,1.2915112,22358.94096690277,30434.322064624328,-0.23576285484617848,-0.4135958717379163,-0.1393616913663457,-0.38409363962501714,-0.1952673931435425,0.17243724088473392,2.3637913065825744,-0.8465161608921171,-0.21348281562425503,-0.8543046895508125,-0.4828397900160679,-0.5541315306475012,-0.6974100476999251,-0.3160805023445425,-0.5272956947066008,-0.2134221341675666,-0.3133521350833231,-0.26599236280384064,-0.23054661730433743,0.6296619392233208,0.8571524274601445,1.0252197374918084,0.9685480878253129,-0.3002785471977515,-0.3493228878413306,-0.46057378832389484,-0.36465502064091065,-0.40259238635718564,-0.5576254513022623,-0.9778617598684223
6,16,33,Weather station,Lamp post - in front of CELS lobby,WS16,103.7811338,1.2946994,22192.289275268246,30786.860293918395,5.065462670178602,-0.9637876907832241,-0.1393616913663457,-0.3793033284174524,-0.1952673931435425,-0.11725941157968804,-0.2516568462147094,-0.7466761740520038,-0.21348281562425503,0.9739915123450439,0.13973312378973884,-0.009485995781348077,0.6308453606919843,-0.3160805023445425,1.9041254638195686,-0.2134221341675666,-0.48055523973516145,-0.26599236280384064,-0.5674195854512074,-0.102024693288198,1.6234272352603294,1.0012344130784776,0.8810759484441689,-0.7037450908399292,-0.5916570953120419,1.8230644260807385,-0.1977373408934711,-0.26822069920492997,0.9329139385836795,-0.03857183849186099
7,17,31,Weather station,Lamp post - next to S16,WS17,103.780151,1.296682,22082.91677818405,31006.088346456665,-0.23576285484617848,-0.9170599084562848,-0.1393616913663457,-0.12347690232255752,-0.1952673931435425,-0.09780372925710996,0.7564767321161637,-0.8319464981013265,-0.21348281562425503,-0.2945330129616369,-0.23381062449374523,-0.3206049779565249,0.10104103082660773,-0.3160805023445425,-0.5272956947066008,2.780923332376239,-0.48055523973516145,-0.26599236280384064,-0.5674195854512074,-0.102024693288198,-0.3107242374401376,-0.5317790761057838,-0.554721101257839,-0.6292726184608026,-0.3669822425791957,-0.8565609549194424,-0.21935727653068712,-0.3288924468290495,0.5123206830228694,0.3609811074535196
8,18,25,Weather station,Lamp post - next to running track,WS18,103.777999,1.297994,21843.42123368443,31151.167743536622,-0.23576285484617848,0.2703684938678296,3.4975914419321925,-1.5266787411650058,-0.1952673931435425,-0.7407306898050289,-0.32405146528507,-0.7458508687772598,-0.21348281562425503,-0.2823991518753735,2.3809956134906436,1.9955820807184146,-0.6974100476999251,-0.3160805023445425,-0.5272956947066008,-0.2134221341675666,-0.48055523973516145,-0.26599236280384064,0.5394487384599367,-0.102024693288198,-0.684629414740228,-0.5317790761057838,-0.8490748521151399,-0.11558020392342801,0.1363128906118359,-0.41181106672638934,0.012989452913080023,-0.13530791591423347,-0.5636116087513598,1.088242412112837
9,24,27,Weather station,Open ground - NUS Sports Field,WS24,103.779833,1.298542,22047.530518092564,31211.75839436293,-0.23576285484617848,-0.6263002664586805,-0.1393616913663457,-0.7866685933493659,-0.1952673931435425,0.5243312281812111,-0.37719219630480283,2.9546946202421402,-0.21348281562425503,1.2339461655277888,0.4510195806926422,1.264574817296864,-0.3194997190637183,-0.3160805023445425,-0.5272956947066008,-0.2134221341675666,0.14153866433711962,4.8478668745884255,1.8762462311062464,-0.102024693288198,-0.684629414740228,-0.5317790761057838,-0.786844556717948,-0.7635015526635186,-0.41297723456150964,0.6331395521058779,-0.41539057151051306,-0.49385295745080865,-0.5701283782333966,1.3488659375523386
10,25,9,Weather station,Lamp post - roundabout YIH,WS25,103.7745906,1.2997078,21464.1008030461,31340.6795693464,-0.23576285484617848,-0.8142137256165791,-0.1393616913663457,-0.3569538456448648,-0.1952673931435425,-0.6417498998025213,2.0626604974707554,-0.8465161608921171,-0.21348281562425503,-0.9399976869284753,-0.4828397900160679,-0.4060756617830263,0.13657470915204406,0.5782860871555207,0.6740656406664038,-0.2134221341675666,-0.48055523973516145,-0.26599236280384064,0.27743642990126016,-0.102024693288198,-0.684629414740228,-0.5317790761057838,-0.2701536524020024,-0.886541477286763,-0.5848327139817816,-0.7091431288188552,-0.30521591598397413,-0.33123594976078047,-0.5701283782333966,-0.6514673625719782
11,29,8,Weather station,Lamp post - U-Turn in front of LKCNH Museum,WS29,103.773258,1.301106,21315.797958237774,31495.288894853828,-0.23576285484617848,-0.8724215796222952,-0.1393616913663457,-1.1243936973679038,-0.1952673931435425,-0.7655279249122827,0.4676684113567463,-0.8316002441751909,-0.19155840580902733,-0.947042013416414,0.32650499793148086,0.10725538950940294,-0.6974100476999251,0.2603143076994835,-0.5272956947066008,-0.2134221341675666,0.31939686879520257,1.4285587489368923,1.999231600429707,-0.102024693288198,-0.684629414740228,-0.5317790761057838,-1.0499553873219463,-0.8496156400974186,-0.3421151266532213,-0.2561352437420747,-0.38816597049301055,-0.47774465878964945,-0.5701283782333966,-0.7539346966759438
12,31,18,Weather station,Lamp post - CP11 in front of Synchrotron,WS31,103.7746966,1.2955404,21475.886980120267,30879.869442485076,-0.23576285484617848,-0.44512420448613604,-0.1393616913663457,0.9032033580738391,-0.1952673931435425,-0.46372927473703907,0.9628784120188941,-0.8455961233765835,2.2064239177315033,-1.0257457825807208,0.5755341634538036,1.0100569436558176,-0.391454913804956,-0.3160805023445425,-0.5272956947066008,-0.2134221341675666,0.8636265819756961,-0.26599236280384064,-0.4390870261571617,-0.102024693288198,-0.684629414740228,-0.5317790761057838,0.05310717367611221,0.7898150365727327,-0.40806856963902377,-0.15192307304243502,-0.4040129503246058,-0.2795364429464583,-0.5219013282402148,-0.6885730113772037
13,32,17,Weather station,Open ground - next to BIZ1,WS32,103.7745159,1.292331,21455.76841862611,30524.99082251101,-0.23576285484617848,-0.8964001799749182,-0.1393616913663457,-0.9766015722446401,-0.1952673931435425,-0.8912510544081428,0.6486549590326479,-0.836189028239423,4.21250741582484,-1.0214800491902603,-0.66961166415781,-0.6295246708569795,-0.5074039729106485,-0.3160805023445425,-0.5272956947066008,-0.2134221341675666,2.6135218193858676,0.6401847022981558,-0.5674195854512074,-0.102024693288198,1.429550476660283,-0.0412681954153906,-1.1065166909740547,-0.4392125763491125,-0.32337051325994903,-0.44162395066082816,-0.4188504417051317,-0.4744539837438323,-0.39655217118460984,-0.8799066420422665
14,33,15,Weather station,Lamp post - CP13 School of Computing,WS33,103.7730675,1.2948823,21294.580617412874,30807.104351163343,2.5092117220116528,-0.9637876907832241,-0.1393616913663457,0.044775262627632005,-0.1952673931435425,-0.7043535817178966,-0.37719219630480283,0.39328576030902573,-0.21348281562425503,-0.9215498156289599,0.7623060375955456,0.8206589235209183,0.6774554834539908,-0.3160805023445425,1.2586586728522229,-0.2134221341675666,-0.2174562368271217,-0.26599236280384064,0.24000610010716347,-0.102024693288198,-0.684629414740228,-0.5317790761057838,0.5898469364368903,-0.5096351908973249,-0.5916570953120419,-0.5072263436525517,-0.3856725233730075,-0.3353182943092264,-0.5631062024273747,-0.7327090970819846
15,36,21,Weather station,Open ground - King Edward VII Hall,WS36,103.7809051,1.2914303,22166.82948879752,30425.380453267408,-0.23576285484617848,-0.13736668446349126,-0.1393616913663457,-0.7151083488632695,-0.1952673931435425,-0.7901039215754966,-0.37719219630480283,-0.12478490912931668,-0.21348281562425503,-0.6118255370856851,0.13973312378973884,0.11104529151369555,-0.6974100476999251,-0.3160805023445425,-0.5272956947066008,0.6710900120612722,-0.48055523973516145,-0.26599236280384064,1.1436812051360685,-0.102024693288198,0.021635920159942625,0.2886109138952038,0.7499825347038486,-0.5711978837157666,0.26248289446215906,-0.8048103104071542,-0.31224826742420786,-0.0701766338676185,-0.5693231649960362,-0.9084994584534772
16,37,29,Weather station,Open ground - CP6 between S7 and S13,WS37,103.7791314,1.2965411,21969.44391250956,30990.5107501916,2.4827055943865286,-0.9637876907832241,-0.1393616913663457,-0.4660536502555933,-0.1952673931435425,0.6664241039166481,-0.37719219630480283,0.28861393867277785,-0.21348281562425503,-0.005110928309087508,-0.4828397900160679,-0.0441892603777053,0.3768977657363929,-0.3160805023445425,1.7739371688928813,-0.2134221341675666,-0.48055523973516145,0.19313735018117087,-0.5674195854512074,-0.102024693288198,-0.684629414740228,-0.5317790761057838,-0.600397838155199,-0.19722693830907428,-0.5916570953120419,-0.08013752362889123,-0.21579300953712263,-0.4597581320539687,0.4443507260399665,0.1385784676889223
17,39,26,Weather station,Open ground - tennis court,WS39,103.7775112,1.2981447,21789.133768570406,31167.832573610365,-0.23576285484617848,0.6771745938253457,7.822444642474586,-1.5286791507897748,-0.1952673931435425,-0.923860518084135,-0.37719219630480283,-0.027870030091386146,-0.21348281562425503,-0.45268548904815453,1.3848789514013526,1.1279310366252222,-0.6974100476999251,-0.3160805023445425,-0.5272956947066008,-0.2134221341675666,-0.48055523973516145,-0.26599236280384064,-0.5674195854512074,-0.102024693288198,-0.684629414740228,-0.5317790761057838,-0.9358296447930321,-0.4940425123038567,-0.2135444047216332,-0.6404403691486364,-0.17150994288416932,-0.329589937625856,-0.46111258388447124,1.1097362486923767
18,42,14,Weather station,Open ground - Eusoff Hall,WS42,103.7700675,1.2932205,20960.70207936861,30623.35909940595,-0.23576285484617848,-0.4354291828603909,-0.1393616913663457,-1.1375464963169961,1.2700015208997462,-0.9792470475210878,-0.37719219630480283,0.9844917961212228,-0.21348281562425503,0.3670713159714398,-0.6073543727772293,-0.20355323835621167,-0.28132055801001393,-0.3160805023445425,1.4913885829216431,-0.10998593116029612,-0.48055523973516145,-0.26599236280384064,1.4591654134005978,-0.102024693288198,-0.684629414740228,-0.5317790761057838,-1.136297349840621,0.07194508988682083,-0.5916570953120419,-0.8155383122179541,-0.20379002506478106,-0.13963893090123158,-0.5701283782333966,-0.7556019023103715
19,43,36,Weather station,Open ground - UTown opposite Tembusu College,WS43,103.7732876,1.3060987,21319.105335561566,32047.356177450823,-0.23576285484617848,2.438963547841251,-0.1393616913663457,2.1144256342234646,0.07893497673590341,-0.9472918468943993,-0.37719219630480283,0.9568209094064761,-0.21348281562425503,0.2114982664630058,0.20199041517031951,-0.23635582870915278,-0.2899077187273173,-0.3160805023445425,-0.5272956947066008,-0.19750887216644808,0.8931330122083736,0.3200021392954503,1.9938844104591216,-0.102024693288198,-0.6707810748402246,-0.5317790761057838,-0.7470748008777682,-0.1346213441147371,-0.3167938076827454,-0.7852843735897268,-0.4188504417051317,-0.43975569636820583,-0.5701283782333966,2.1620947560772508
20,44,40,Weather station,Lamp post - opposite UTown Plaza,WS44,103.7738481,1.3033163,21381.476568909413,31739.691060811092,-0.23576285484617848,0.28835298394058684,-0.1393616913663457,0.39739117964063037,-0.1952673931435425,-0.8659114559204728,0.5731797178741868,-0.8148845742392389,-0.21348281562425503,0.6227657424476842,-0.5450970813966486,-0.2641036853121031,-0.09628302715231571,-0.3160805023445425,1.255974780496245,0.5265445488844455,-0.11418373101275085,-0.26599236280384064,0.27743642990126016,-0.102024693288198,0.17396765905997952,-0.5317790761057838,-1.2779551749274314,0.8976556985849464,-0.5859300406077186,-0.8345155254382808,-0.3685490564038242,-0.27893100861010894,-0.5701283782333966,0.5824732535977183
21,45,38,Weather station,Column - UTown ERC seating,WS45,103.7730639,1.3054725,21294.20791843821,31978.114762144844,-0.23576285484617848,1.9074081479064469,-0.1393616913663457,1.7252905218208465,-0.1952673931435425,-0.8139590508196457,-0.37719219630480283,0.43891809848891394,-0.21348281562425503,-0.13297293701516147,-0.7941262469189713,0.10051915740948511,-0.6974100476999251,-0.3160805023445425,-0.5272956947066008,-0.2134221341675666,-0.48055523973516145,-0.26599236280384064,-0.5674195854512074,-0.102024693288198,1.6234272352603294,0.83935943079551,-1.0323599687907667,-0.49579193275097183,0.9722794282642047,-0.2694756602838998,0.289278651819441,0.30227266936644953,-0.31614049718445086,1.791316628932692
22,47,20,Weather station,Open ground - next to PGP Road,WS47,103.7790622,1.2929163,21961.733980904788,30589.699044464327,-0.23576285484617848,0.9834589931448965,-0.1393616913663457,-1.0762682759093614,-0.1952673931435425,0.20194546511019848,-0.1661695832699218,-0.7675010535156657,1.0060624803477862,-0.9939822785466716,-0.7941262469189713,-0.624812791741076,1.3454924284425929,3.2827864623766936,2.109525916688144,2.3645263100136367,1.5029325703503722,-0.26599236280384064,-0.5674195854512074,-0.102024693288198,-0.684629414740228,-0.5317790761057838,0.1475058129111772,-0.8919855524589815,-0.5916570953120419,-0.8565609549194424,-0.4188504417051317,-0.3413868546193676,-0.11782332216884087,-0.7005151363238327
23,48,13,Weather station,Lamp post - CP14 in front of AS5,WS48,103.7714074,1.2938584,21109.82313756549,30693.891155536105,1.4574485778467363,-0.9574350474269604,-0.1393616913663457,-0.3946755173642187,-0.1952673931435425,-0.509056255746943,-0.37719219630480283,-0.1329488469476606,-0.21348281562425503,-0.6164836377467365,-0.04703875035200317,0.23858945711136403,0.03675006489900803,-0.018991985969042575,0.1723178297511203,-0.2134221341675666,0.7521578455411373,0.2142814817002175,2.0740922600179,-0.102024693288198,-0.684629414740228,-0.5317790761057838,-0.047592962479327185,-0.8418561218630604,-0.5744907837170196,-0.6817323685182204,-0.4150751760707788,-0.46467780959488136,-0.5701283782333966,-0.8116183288263755
24,50,28,Weather station,Lamp post - CP10 behind S17,WS50,103.780752,1.298142,22149.806157592164,31167.526291624785,3.5747580525416334,-0.9637876907832241,-0.1393616913663457,-0.1340548120751756,-0.1952673931435425,0.36737967935216936,-0.37719219630480283,1.1553622133857373,-0.21348281562425503,-0.10250969656382895,0.07747583240915816,0.32310337603519496,0.0855940835004572,0.6263758781677354,-0.09595456923031676,-0.2134221341675666,-0.48055523973516145,-0.26599236280384064,-0.5674195854512074,-0.102024693288198,-0.684629414740228,-0.5317790761057838,-0.8326592576344429,-0.868843434151635,-0.5510490634701699,-0.5542684860353189,-0.0747990725695015,-0.4254145527101258,0.4645402583798913,1.2831084040813105
25,56,34,Weather station,Open ground - Kent Ridge Road next to road  to No 9 & 10,WS56,103.7780026,1.2947748,21843.81410470898,30795.205029526274,-0.23576285484617848,0.4464785548965066,-0.1393616913663457,-0.03636042119316981,-0.1952673931435425,-0.4542575636549976,0.2743593753284429,-0.8162223842728045,-0.21348281562425503,0.7151850656269783,-0.2960679158743259,-0.44725212727740915,1.0336810586857974,-0.20394511287992306,-0.2238748580095752,-0.2134221341675666,0.11776959553857398,-0.26599236280384064,-0.332143226745457,-0.102024693288198,-0.684629414740228,-0.5317790761057838,2.537248053361875,-0.8336493402080908,-0.5707595772948081,-0.6739781140392728,-0.39197800073856104,-0.4510399417396783,-0.5438633459711888,-0.5775257128635372
26,57,39,Weather station,Lamp post - opposite Stephen Riady Centre ,WS57,103.772124,1.3042456,21189.602345592306,31842.452925213558,-0.23576285484617848,0.5636987066670197,-0.1393616913663457,0.7638791276078386,-0.1952673931435425,0.2696127769641632,1.8108196417685434,-0.83154787221946,0.9868786217594622,-0.9686907469778611,-0.10929604173258389,0.6518201585071488,-0.10404788336003123,-0.3160805023445425,1.3209189074406025,-0.2134221341675666,-0.48055523973516145,-0.26599236280384064,0.12236792075428822,-0.102024693288198,-0.6200038285402123,-0.5317790761057838,-1.3188765938297815,0.046995482893020364,-0.5916570953120419,-0.7976280707836626,-0.2870230195554949,-0.24141477502851583,-0.5618800089950937,1.160311782310902
27,60,2,Weather station,Roof - E1A upper roof,WS60,103.7705849,1.2994913,21018.301426509606,31316.750821084304,-0.23576285484617848,-0.7486407800533799,-0.1393616913663457,-0.029679304916019684,-0.1952673931435425,-0.3714626442197182,-0.37719219630480283,-0.6503894485124326,-0.21348281562425503,-0.4443673099579649,-0.4828397900160678,-0.5520911470980115,0.050875670921090445,-0.3160805023445425,-0.4715708979969612,-0.2134221341675666,-0.48055523973516145,-0.26599236280384064,-0.027353398422098385,-0.102024693288198,-0.015292986240066319,0.18325163006850792,0.49651699429647095,-0.6696468607613157,-0.5417506653654656,-0.6855033671498657,-0.1298058337542729,-0.12248623021927399,-0.5562023253553117,-0.9200762557777539
28,61,7,Weather station,Column - shelter next to E8,WS61,103.7727216,1.2992411,21256.096492669923,31289.079173346792,3.3478656000705724,-0.9637876907832241,-0.1393616913663457,-0.7101761416686471,-0.1952673931435425,-0.3102449487906583,-0.37719219630480283,0.8323828094962783,-0.21348281562425503,-0.019437609302978963,-0.17155333311316454,-0.4518117709204952,-0.2473252072209479,-0.3160805023445425,-0.5272956947066008,-0.2134221341675666,0.189076801934211,0.7640289011954287,-0.27867132703960457,-0.102024693288198,-0.4168948433401633,-0.5317790761057838,-0.08781194262571514,-0.754621493956863,-0.3698499268161205,0.048770216962794474,-0.40123967862794635,-0.44385107891551445,-0.5472027690903294,-0.5667631530513035
29,62,3,Weather station,Lamp post - in between E2-E1A,WS62,103.771021,1.299327,21066.835035387994,31298.582161710525,-0.23576285484617848,-0.43854125514025444,-0.1393616913663457,-0.20569406093166903,-0.1952673931435425,0.39443463722293737,-0.37719219630480283,-0.21424173763222756,-0.21348281562425503,0.4392868375226396,-0.23381062449374523,-0.33563327624473743,-0.6974100476999251,-0.3160805023445425,-0.5272956947066008,-0.2134221341675666,-0.48055523973516145,-0.26599236280384064,1.1169452552831425,1.3298405349281235,1.6234272352603294,-0.5317790761057838,0.713042158317668,0.2981622229417755,0.46407246167840804,0.07624168806478801,0.3719359351138688,0.18292386949483946,-0.5701283782333966,-0.9863218927996685
30,65,23,Weather station,Column - near PGP water feature / pool,WS65,103.7809957,1.2901026,22176.909473331623,30278.569969838994,-0.23576285484617848,0.8649838891294077,7.822444642474586,-1.5286791507897748,-0.1952673931435425,-0.6309976441831238,-0.37719219630480283,0.5762682387747053,-0.21348281562425503,0.8998172318159433,1.5716508255430945,1.4261883722143918,-0.6974100476999251,-0.3160805023445425,-0.5272956947066008,-0.2134221341675666,-0.48055523973516145,-0.26599236280384064,-0.5674195854512074,-0.102024693288198,-0.684629414740228,-0.5317790761057838,-0.9185070513508722,1.440667125461529,-0.31240688809367617,-0.2724633312617829,-0.12837789888804269,-0.1744169172869661,-0.3410012262367809,-0.8400044809594389
31,67,16,Weather station,Roof - BIZ1,WS67,103.7743067,1.2925401,21432.48679000491,30548.11257404051,-0.16684692302085638,-0.9413846428478327,-0.1393616913663457,-1.0526288105725077,-0.1952673931435425,-0.39424951865506114,-0.37719219630480283,0.02220813559735884,-0.21348281562425503,-0.6178368341097322,-0.7941262469189713,-0.8491272409037682,-0.6974100476999251,-0.3160805023445425,-0.5272956947066008,-0.2134221341675666,-0.48055523973516145,-0.26599236280384064,-0.5674195854512074,-0.102024693288198,1.6234272352603294,1.9207753273461818,-0.9818924437407386,-0.24848074377161375,-0.03342043668618952,0.15089313426288697,-0.18967088644349517,-0.17330818611781523,0.034757703354773135,-0.9709973334906691
32,68,30,Weather station,Lamp post - next to S8,WS68,103.7798717,1.2957313,22051.830920579858,30900.965450859876,-0.23576285484617848,-0.39490137424484917,-0.1393616913663457,0.019358719977666125,-0.1952673931435425,1.2503695591993502,0.5408331859491321,-0.794641525451653,-0.21348281562425503,1.4993939669178311,-0.5450970813966486,-0.4829749340080153,-0.6974100476999251,-0.3160805023445425,-0.3306472002936368,-0.2134221341675666,-0.48055523973516145,-0.26599236280384064,-0.5674195854512074,-0.102024693288198,0.9494746934601668,2.4840829546340193,0.26053315277795086,0.3980970711496098,-0.541412411609137,0.48571585651408605,-0.010959816126023437,0.3188677581511375,0.9972979506912903,-0.21542054351077794
33,69,32,Weather station,Lamp post - walkway between MD7-MD11,WS69,103.7816137,1.2958681,22245.700610693355,30916.088071738654,-0.23576285484617848,-0.40000047604162436,-0.1393616913663457,0.4814981132344844,-0.1952673931435425,1.0145634972661093,-0.37719219630480283,-0.662073737490149,-0.21348281562425503,-0.8526900892754213,-0.7941262469189713,-0.8491272409037682,-0.6974100476999251,-0.3160805023445425,-0.5272956947066008,-0.2134221341675666,-0.48055523973516145,-0.26599236280384064,-0.5674195854512074,-0.102024693288198,1.6234272352603294,1.92336545813634,-0.28905437825136787,0.13081137245396035,0.7631794738861626,-0.48355367271490063,-0.03316691914714971,-0.18685841192414282,1.1675424753022328,0.6083164758023571
34,72,12,Weather station,Roof - AS3,WS72,103.771604,1.294852,21131.705693417585,30803.75784992503,-0.23576285484617848,-0.37102608295210204,-0.1393616913663457,0.12085501490449835,-0.1952673931435425,-0.7384529118536725,-0.37719219630480283,0.7029857095225189,-0.21348281562425503,0.1882119185641596,-0.7941262469189713,-0.8491272409037682,-0.6974100476999251,-0.3160805023445425,-0.4817444758496041,-0.2134221341675666,-0.48055523973516145,-0.26599236280384064,-0.1824219075690702,-0.102024693288198,1.517256629360304,1.4748533353001654,0.12008870496618848,-0.5022274046457411,-0.5386180249329395,0.21600032380618933,-0.1175093206559666,-0.30030264378931887,-0.5508792815338077,-0.3717042263656748
35,73,6,Weather station,Roof - SDE3 ,WS73,103.7704,1.298318,20997.720468220257,31187.013786965726,-0.23576285484617848,-0.7799856264480513,-0.1393616913663457,0.6240698954760233,-0.1952673931435425,-0.7175180559172463,-0.37719219630480283,-0.5235341768456362,-0.21348281562425503,0.3396614321533865,-0.7941262469189713,-0.8491272409037682,-0.6974100476999251,-0.3160805023445425,-0.5272956947066008,-0.2134221341675666,-0.48055523973516145,-0.26599236280384064,-0.5674195854512074,-0.102024693288198,1.6234272352603294,1.5046205025681119,0.31865216453575157,-0.32919078130131957,-0.41406995182421147,-0.6563873256707466,-0.008089384546688342,-0.11181761918165785,-0.31869168453560326,-0.5508774318082883
36,74,37,Weather station,Roof - UTown Education Resource Centre,WS74,103.773191,1.305505,21308.353071621343,31981.708108198574,-0.23576285484617848,2.0094646200470363,-0.1393616913663457,1.763189781092804,-0.1952673931435425,-0.8035364850654979,-0.37719219630480283,0.7801268224086343,-0.21348281562425503,0.09334066094996095,-0.4828397900160679,-0.3037238500749361,-0.6974100476999251,-0.3160805023445425,-0.5272956947066008,-0.2134221341675666,-0.48055523973516145,-0.26599236280384064,-0.5674195854512074,-0.102024693288198,1.6234272352603294,0.83935943079551,-0.9734515115800104,-0.35964453471113667,0.6504386202746829,-0.5676004226064026,-0.04789250509804538,-0.0018556179960950298,-0.33362092377970043,1.81222308172092
37,75,5,Weather station,Railing - next to EW1,WS75,103.7707442,1.2982314,21036.026652162036,31177.437048831704,-0.23576285484617848,-0.5167982393498246,-0.1393616913663457,0.5222878452169082,-0.1952673931435425,-0.6651960419434131,0.02636929723635646,-0.805936257912653,-0.21348281562425503,0.8169485728069296,0.13973312378973884,0.01731952525783259,-0.6974100476999251,-0.3160805023445425,-0.5272956947066008,-0.2134221341675666,-0.48055523973516145,-0.26599236280384064,-0.5674195854512074,-0.102024693288198,0.79714295456013,0.2542321249933256,0.5757841635688059,-0.2718363627805774,0.018562766313170883,-0.20711436834286578,0.1285780950361889,0.1146519835555834,-0.1958083257400826,-0.6928558522512727
38,76,1,Weather station,Lamp post - CP2A in front E3A,WS76,103.7712316,1.3006657,21090.276586402833,31446.6082202518,1.6207263240174996,-0.962663691913009,-0.1393616913663457,-0.7447084272070638,-0.1952673931435425,-0.6496311529411978,0.8211697959662733,-0.8160596742617013,1.1211656318777319,-1.0138586801477159,-0.5450970813966486,-0.4176431879018253,1.1567593467292843,3.700493005856104,-0.3469630508014528,-0.2134221341675666,1.605385453102724,-0.26599236280384064,0.7479891473127612,-0.102024693288198,-0.684629414740228,-0.5317790761057838,-0.15242243454335505,-0.8919855524589815,-0.5284169154367172,-0.6946215484314902,-0.4099511389991414,-0.37969134493046747,-0.5701283782333966,-0.7573373498224415
39,77,35,Weather station,Roof - UTown Residential College 4,WS77,103.7731643,1.3083404,21305.389115426107,32295.23229256933,-0.23576285484617848,3.9558467491089706,-0.1393616913663457,3.1322861303857663,-0.1952673931435425,-0.7952923571930801,-0.37719219630480283,-0.25659519135295655,-0.21348281562425503,-0.4755886594578939,-0.7941262469189713,-0.8491272409037682,0.015717331775520337,-0.3160805023445425,-0.5272956947066008,-0.2134221341675666,1.0939406624029833,-0.26599236280384064,-0.5674195854512074,-0.102024693288198,1.6234272352603294,2.936025324520447,-0.38042988988121135,0.6487190231096226,-0.3453301027587241,-0.5991911261598097,-0.4188504417051317,-0.25541167316289703,-0.33877109027188573,3.47330973552629
40,E1A,X,Meteorological tower,E1A lower roof,METE1A,103.7788075,1.2946536,21933.392191704683,30781.801411998556,-0.23576285484617848,0.5953432228932893,-0.1393616913663457,-0.5161785184127136,-0.1952673931435425,0.780891682551091,1.2432150220360352,-0.8410323144696006,-0.21348281562425503,0.9744606977930511,2.256481030729482,1.7306049950940967,-0.6974100476999251,-0.3160805023445425,-0.5272956947066008,-0.2134221341675666,-0.48055523973516145,-0.26599236280384064,1.3361800440771372,-0.102024693288198,-0.684629414740228,-0.5317790761057838,2.8420793743592987,-0.5891456701810387,-0.3258580733432627,-0.6465595161021287,-0.12843043420893244,-0.1192138666575648,-0.5701283782333966,-0.9004516057087495
41,KRR,Y,Meteorological tower,next to 6 Kent Ridge Road,METKRR,103.7707156,1.2993101,21032.846679225684,31296.7142859171,-0.23576285484617848,-0.7153346828143755,-0.1393616913663457,-0.0331998478172504,-0.1952673931435425,-0.08935654987279107,-0.37719219630480283,-0.5602930977911138,-0.21348281562425503,-0.06314043835457468,-0.7941262469189713,-0.8491272409037682,-0.6974100476999251,-0.3160805023445425,-0.5272956947066008,-0.2134221341675666,-0.48055523973516145,-0.26599236280384064,-0.5674195854512074,-0.102024693288198,1.6188111219603285,1.2558022025512503,0.6485872000073657,-0.26098662442071263,-0.24563363868565968,-0.6212884687928444,-0.1400390397565468,-0.08523673561986446,-0.44704171363837836,-0.8470901509648474
42,MD1,Z,Meteorological tower,MD1 level 5 terrace,METMD1,103.7808411,1.2952922,22159.715666549928,30852.409760920375,-0.23576285484617848,-0.5141800718533045,-0.1393616913663457,-0.14657650375457532,-0.1952673931435425,0.9685733270150262,-0.37719219630480283,0.07538253213933198,-0.21348281562425503,0.8810192739653766,-0.7941262469189713,-0.8000396730476462,-0.6974100476999251,-0.3160805023445425,-0.5272956947066008,-0.2134221341675666,-0.48055523973516145,-0.26599236280384064,-0.5674195854512074,-0.102024693288198,1.355692663860265,3.35501247234001,0.5723082536089018,0.6472261430139992,0.7627796153806158,1.1633082955563538,0.6705286605374376,0.2453414999177778,1.1977839508917827,0.051859878777628855
