id,timestamp,latitude,longitude,horizontal_accuracy,msl_altitude,ellipsoid_altitude,vertical_accuracy,story,speed,speed_accuracy,course,course_accuracy,is_simulated_by_software,is_produced_by_accessory,was_imported
1,1705545013,1.2971576990497,103.770909556856,35.0,29.4680371284485,36.0782413482666,26.4101390838623,,,,,,0,0,0
2,1705545016,1.2971576990497,103.770909556856,35.0,29.4680371284485,36.0782413482666,26.4101390838623,,,,,,0,0,0
3,1705545022,1.29709303163389,103.770889176226,40.3333333333333,29.3894419670105,35.9996461868286,19.7212066650391,,,,,,0,0,0
4,1705545023,1.29729309659859,103.770897461934,35.0,29.5503582954407,36.1605625152588,15.7849912643433,,,,,,0,0,0
5,1705545026,1.29714325951462,103.770883170399,40.3333333333333,29.5980525016785,36.2082567214966,17.0066223144531,,,,,,0,0,0
6,1705545032,1.29705186351383,103.7708786086,40.3333333333333,29.6407771110535,36.2509813308716,19.6346092224121,,,,,,0,0,0
7,1705545033,1.29716055458422,103.770914671577,35.0,29.5534634590149,36.163667678833,16.9084148406982,,,,,,0,0,0
8,1705545039,1.29708009987552,103.770888981934,40.3333333333333,29.4365477561951,36.0467519760132,18.5951595306396,,,,,,0,0,0
9,1705545052,1.29714826871352,103.770932134331,35.0,29.4695501327515,36.0797543525696,17.4220333099365,,,,,,0,0,0
10,1705545059,1.29707809269229,103.770888081194,40.3333333333333,29.4753928184509,36.085597038269,20.5142555236816,,,,,,0,0,0
11,1705545060,1.29715392291487,103.77091121184,35.0,29.4821572303772,36.0923614501953,17.3069629669189,,,,,,0,0,0
12,1705545066,1.29707349558902,103.770881475996,40.3333333333333,29.4881491661072,36.0983533859253,19.7154979705811,,,,,,0,0,0
13,1705545074,1.29706964284555,103.77088164278,40.3333333333333,29.4930548667908,36.1032590866089,20.268726348877,,,,,,0,0,0
14,1705545080,1.29707293139964,103.770889893804,40.3333333333333,29.4786372184753,36.0888414382935,19.7071704864502,,,,,,0,0,0
15,1705545081,1.29716942278892,103.770958953522,35.0,29.4937629699707,36.1039671897888,16.94748878479,,,,,,0,0,0
16,1705545087,1.29707610435649,103.770888638891,40.3333333333333,29.5071616172791,36.1173658370972,19.6163806915283,,,,,,0,0,0
17,1705545093,1.2971543034977,103.770911173028,35.0,29.5030255317688,36.1132297515869,16.9516429901123,,,,,,0,0,0
18,1705545104,1.29735194939538,103.770901984628,35.0,29.7943329811096,36.4045372009277,19.6272258758545,,,,,,0,0,0
19,1705545108,1.29719362941142,103.770891303812,40.3333333333333,29.9613165855408,36.5715208053589,19.38893699646,,,,,,0,0,0
20,1705545114,1.29706477989618,103.770881717901,40.3333333333333,30.056233882904,36.6664381027222,20.3078784942627,,,,,,0,0,0
21,1705545115,1.29718295117429,103.770932306182,35.0,29.8481001853943,36.4583044052124,17.4583969116211,,,,,,0,0,0
22,1705545121,1.29707442934301,103.770889629924,40.3333333333333,29.6693205833435,36.2795248031616,19.8963775634766,,,,,,0,0,0
23,1705545127,1.29707164165493,103.770889343285,40.3333333333333,29.541045665741,36.1512498855591,19.6554508209229,,,,,,0,0,0
24,1705545128,1.2971517395832,103.770910986191,35.0,29.5152516365051,36.1254558563232,16.9649486541748,,,,,,0,0,0
25,1705545134,1.29707129266707,103.77087860087,40.3333333333333,29.4919257164001,36.1021299362183,19.6193809509277,,,,,,0,0,0
26,1705545135,1.29714635664175,103.770909876027,35.0,29.4854717254639,36.095675945282,16.9571056365967,,,,,,0,0,0
27,1705545141,1.29707171330857,103.770883233953,40.3333333333333,29.4796977043152,36.0899019241333,19.6249008178711,,,,,,0,0,0
28,1705545147,1.2971721332943,103.770947778167,35.0,29.4936542510986,36.1038584709167,17.3732223510742,,,,,,0,0,0
29,1705545153,1.29708489806381,103.770893086619,40.3333333333333,29.5085101127624,36.1187143325806,19.742733001709,,,,,,0,0,0
30,1705545160,1.2971438571376,103.770886541218,35.0,29.518310546875,36.1285147666931,15.1528577804565,,,,,,0,0,0
31,1705545172,1.29730717121232,103.770898351091,35.0,29.5199952125549,36.130199432373,13.5254564285278,,,,,,0,0,0
32,1705545173,1.29724695964638,103.770911925449,35.0,29.8137021064758,36.4239063262939,12.3302373886108,,,,,,0,0,0
33,1705545178,1.29733533206105,103.770907079038,35.0,30.0322327613831,36.6424369812012,11.4045543670654,,,,,,0,0,0
34,1705545179,1.29726930015123,103.770925083384,35.0,30.1882271766663,36.7984313964844,10.6602554321289,,,,,,0,0,0
35,1705545184,1.29734301253939,103.770911602582,35.0,30.3156495094299,36.925853729248,10.0449476242065,,,,,,0,0,0
36,1705545190,1.29734115414904,103.770913699589,35.0,30.4894967079163,37.0997009277344,9.07859134674072,,,,,,0,0,0
37,1705545196,1.29734074840476,103.770902276139,35.0,30.5598435401917,37.1700477600098,8.68945026397705,,,,,,0,0,0
38,1705545202,1.29734510641247,103.770904696842,35.0,30.6672348976135,37.2774391174316,8.04102039337158,,,,,,0,0,0
39,1705545208,1.29734897714802,103.770912787531,35.0,30.7435173988342,37.3537216186523,7.5189995765686,,,,,,0,0,0
40,1705545214,1.29733997428535,103.770904685635,35.0,30.8067345619202,37.4169387817383,7.0870213508606,,,,,,0,0,0
41,1705545232,1.29730363645678,103.770933068866,35.0,30.9327630996704,37.5429673194885,6.13418102264404,,,,,,0,0,0
42,1705545238,1.2973548174016,103.77091434783,35.0,30.9482979774475,37.5585021972656,6.00987720489502,,,,,,0,0,0
43,1705545244,1.29734072900621,103.770908868879,35.0,30.9753212928772,37.5855255126953,5.78234910964966,,,,,,0,0,0
44,1705545250,1.29735353615732,103.77091343631,35.0,30.9996132850647,37.6098175048828,5.57885599136353,,,,,,0,0,0
45,1705545256,1.29734510824748,103.770912023432,35.0,31.0198578834534,37.6300621032715,5.39544486999512,,,,,,0,0,0
46,1705545262,1.29734899134635,103.77091542443,35.0,31.0373406410217,37.6475448608398,5.22901630401611,,,,,,0,0,0
47,1705545268,1.29734124081346,103.770904937219,35.0,31.0530724525452,37.6632766723633,5.07710218429565,,,,,,0,0,0
48,1705545274,1.29734880047506,103.770912529067,35.0,31.0660538673401,37.6762580871582,4.93770885467529,,,,,,0,0,0
49,1705545280,1.29734912495034,103.770915999595,35.0,31.0794739723206,37.6896781921387,4.80920696258545,,,,,,0,0,0
50,1705545286,1.29734874390068,103.770915528254,35.0,31.0896821022034,37.6998863220215,4.69024753570557,,,,,,0,0,0
51,1705545292,1.29733965986756,103.770910972535,35.0,31.0994744300842,37.7096786499023,4.57970666885376,,,,,,0,0,0
52,1705545298,1.29734550543977,103.7709103242,35.0,31.1087288856506,37.7189331054687,4.47663593292236,,,,,,0,0,0
53,1705545304,1.29735392594409,103.770916002589,35.0,31.116934299469,37.7271385192871,4.38023042678833,,,,,,0,0,0
54,1705545310,1.29734128127492,103.770915546833,35.0,31.124575138092,37.7347793579102,4.28980255126953,,,,,,0,0,0
55,1705545316,1.29734351802415,103.770908668738,35.0,31.1310753822327,37.7412796020508,4.20475816726685,,,,,,0,0,0
56,1705545322,1.2973391597448,103.770908449613,35.0,31.1376175880432,37.7478218078613,4.12458515167236,,,,,,0,0,0
57,1705545328,1.29734053996667,103.770906353776,35.0,31.1440644264221,37.7542686462402,4.04883480072022,,,,,,0,0,0
58,1705545334,1.29734087872139,103.770909640751,35.0,31.149706363678,37.7599105834961,3.97711563110352,,,,,,0,0,0
59,1705545340,1.29735520686172,103.770917675629,35.0,31.1470055580139,37.757209777832,3.90908241271973,,,,,,0,0,0
60,1705545346,1.29735969132227,103.770920995416,35.0,31.1422715187073,37.7524757385254,3.8444299697876,,,,,,0,0,0
61,1705545352,1.29734155183927,103.770911633839,35.0,31.1473107337952,37.7575149536133,3.78288793563843,,,,,,0,0,0
62,1705545358,1.29733875918683,103.770908855022,35.0,31.1520524024963,37.7622566223145,3.72421431541443,,,,,,0,0,0
63,1705545364,1.29733927232701,103.770910456824,35.0,31.150740146637,37.7609443664551,3.66819381713867,,,,,,0,0,0
64,1705545365,1.29725743303748,103.770922360645,35.0,31.1472344398499,37.757438659668,3.64108324050903,,,,,,0,0,0
65,1705545370,1.29733893445524,103.770910666191,35.0,31.1495041847229,37.759708404541,3.61463212966919,,,,,,0,0,0
66,1705545376,1.29733855322122,103.77091078936,35.0,31.1496148109436,37.7598190307617,3.56335473060608,,,,,,0,0,0
67,1705545382,1.29733785867397,103.770914470103,35.0,31.1497178077698,37.7599220275879,3.51420426368713,,,,,,0,0,0
68,1705545388,1.29734584881676,103.770916602668,35.0,31.1498169898987,37.7600212097168,3.46703743934631,,,,,,0,0,0
69,1705545389,1.29726129783198,103.770924549502,35.0,31.1479210853577,37.7581253051758,3.44412159919739,,,,,,0,0,0
70,1705545394,1.29734026339339,103.770911418639,35.0,31.1499085426331,37.7601127624512,3.42172479629517,,,,,,0,0,0
71,1705545400,1.29734177481944,103.770921870036,35.0,31.1495881080627,37.7597923278809,3.37814784049988,,,,,,0,0,0
72,1705545406,1.29734321624684,103.77091474471,35.0,31.1485619544983,37.7587661743164,3.3361988067627,,,,,,0,0,0
73,1705545412,1.2972830115478,103.770948305278,35.0,31.1414875984192,37.7516918182373,3.27607297897339,,,,,,0,0,0
74,1705545418,1.29733613214362,103.770926681678,35.0,31.134382724762,37.7445869445801,3.23777437210083,,,,,,0,0,0
75,1705545424,1.29733509427873,103.770904918074,35.0,31.1255974769592,37.7358016967773,3.20079874992371,,,,,,0,0,0
76,1705545430,1.29725844706339,103.770930501307,35.0,31.122266292572,37.7324705123901,3.14760327339172,,,,,,0,0,0
77,1705545436,1.297339283784,103.770913464685,35.0,31.1240601539612,37.7342643737793,3.13050723075867,,,,,,0,0,0
78,1705545442,1.29733679887611,103.770903430962,35.0,31.1168160438538,37.7270202636719,3.09706091880798,,,,,,0,0,0
79,1705545448,1.29733803700128,103.770900878736,35.0,31.1212258338928,37.7314300537109,3.06466794013977,,,,,,0,0,0
80,1705545449,1.29727181512377,103.770907369946,35.0,31.1234483718872,37.7336525917053,3.04880928993225,,,,,,0,0,0
81,1705545454,1.2973438797496,103.770905512395,35.0,31.1252961158752,37.7355003356934,3.03327465057373,,,,,,0,0,0
82,1705545460,1.29727385084173,103.770918688682,35.0,31.1122460365295,37.7224502563477,2.98790550231934,,,,,,0,0,0
83,1705545466,1.29733215429004,103.770911077641,35.0,31.1083054542541,37.7185096740723,2.9587926864624,,,,,,0,0,0
84,1705545472,1.29733550222073,103.770903975275,35.0,31.1116890907288,37.7218933105469,2.93052554130554,,,,,,0,0,0
85,1705545473,1.29725792435021,103.770919463603,35.0,31.1127724647522,37.7229766845703,2.91665172576904,,,,,,0,0,0
86,1705545478,1.29733910447798,103.770909670051,35.0,31.1144318580627,37.7246360778809,2.90305709838867,,,,,,0,0,0
87,1705545484,1.29733848129261,103.77091498901,35.0,31.117121219635,37.7273254394531,2.87635064125061,,,,,,0,0,0
88,1705545490,1.29733841276148,103.770910948143,35.0,31.1196885108948,37.7298927307129,2.85037159919739,,,,,,0,0,0
89,1705545496,1.29734027358823,103.770910183378,35.0,31.1221680641174,37.7323722839355,2.8250880241394,,,,,,0,0,0
90,1705545502,1.29734817161093,103.770913219991,35.0,31.1233849525452,37.7335891723633,2.80046892166138,,,,,,0,0,0
91,1705545508,1.29727883042081,103.770918428145,35.0,31.1268358230591,37.7370400428772,2.76467680931091,,,,,,0,0,0
92,1705545514,1.29734629216632,103.770909313995,35.0,31.1281914710999,37.738395690918,2.75311064720154,,,,,,0,0,0
93,1705545520,1.29733801660319,103.770901397851,35.0,31.1298584938049,37.740062713623,2.74169015884399,,,,,,0,0,0
94,1705545526,1.29714435177284,103.770903392587,40.3333333333333,31.0228552818298,37.6330595016479,9.91925525665283,,,,,,0,0,0
95,1705545532,1.29706815516769,103.770882431904,40.3333333333333,30.7169966697693,37.3272008895874,17.7357196807861,,,,,,0,0,0
96,1705545538,1.29717230693304,103.770917807064,35.0,30.1497302055359,36.759934425354,16.9490966796875,,,,,,0,0,0
97,1705545545,1.29708400287811,103.770887437215,40.3333333333333,29.859742641449,36.4699468612671,19.6164169311523,,,,,,0,0,0
98,1705545551,1.29707615980558,103.770885863935,40.3333333333333,29.6025233268738,36.2127275466919,19.5804233551025,,,,,,0,0,0
99,1705545557,1.29707139778401,103.770883449811,40.3333333333333,29.516402721405,36.1266069412231,19.5720558166504,,,,,,0,0,0
100,1705545558,1.29714511118532,103.770940839182,35.0,29.4948897361755,36.1050939559937,17.0117473602295,,,,,,0,0,0
101,1705545564,1.29706944198098,103.770887720409,40.3333333333333,29.4751105308533,36.0853147506714,19.6320400238037,,,,,,0,0,0
102,1705545565,1.29715214250475,103.770952394688,35.0,29.5123634338379,36.122567653656,16.9856395721436,,,,,,0,0,0
103,1705545571,1.29707367764533,103.770887839929,40.3333333333333,29.5458388328552,36.1560430526733,19.6241703033447,,,,,,0,0,0
104,1705545578,1.29717622075972,103.770961204106,35.0,29.5619406700134,36.1721448898315,17.5083427429199,,,,,,0,0,0
105,1705545584,1.29708687706639,103.770895852888,40.3333333333333,29.5576930046082,36.1678972244263,19.7712059020996,,,,,,0,0,0
106,1705545590,1.29707101975686,103.770885603786,40.3333333333333,29.4886698722839,36.098874092102,19.6291522979736,,,,,,0,0,0
107,1705545591,1.2971588705222,103.770941780875,35.0,29.479763507843,36.0899677276611,16.9623565673828,,,,,,0,0,0
108,1705545597,1.29707338856982,103.770884270947,40.3333333333333,29.4713797569275,36.0815839767456,19.6187477111816,,,,,,0,0,0
109,1705545603,1.29706887771211,103.770886489639,40.3333333333333,29.5418734550476,36.1520776748657,19.6242866516113,,,,,,0,0,0
110,1705545604,1.29717357397446,103.770944479314,35.0,29.5071029663086,36.1173071861267,16.9359970092773,,,,,,0,0,0
111,1705545610,1.29707838991893,103.770885501641,40.3333333333333,29.4751181602478,36.0853223800659,19.6119937896729,,,,,,0,0,0
112,1705545617,1.29707320692285,103.770885004386,40.3333333333333,29.4611945152283,36.0713987350464,19.6144847869873,,,,,,0,0,0
113,1705545623,1.29707076257466,103.770886972244,40.3333333333333,29.478280544281,36.0884847640991,19.6197147369385,,,,,,0,0,0
114,1705545630,1.29717766413763,103.770908537632,35.0,29.4900050163269,36.100209236145,17.4046611785889,,,,,,0,0,0
115,1705545636,1.29708631887495,103.770885607923,40.3333333333333,29.4959692955017,36.1061735153198,19.7435779571533,,,,,,0,0,0
116,1705545642,1.29707432017327,103.770894045066,40.3333333333333,29.4767394065857,36.0869436264038,19.6373233795166,,,,,,0,0,0
117,1705545643,1.29716220901857,103.770911104512,35.0,29.4682531356811,36.0784573554993,16.957275390625,,,,,,0,0,0
118,1705545649,1.29707178803447,103.770877292219,40.3333333333333,29.4606928825378,36.070897102356,19.6200428009033,,,,,,0,0,0
119,1705545650,1.29717408994897,103.770948992683,35.0,29.4575366973877,36.0677409172058,16.95578956604,,,,,,0,0,0
120,1705545656,1.29707545655987,103.770890149438,40.3333333333333,29.4544425010681,36.0646467208862,19.6262435913086,,,,,,0,0,0
121,1705545662,1.2970732942112,103.770887932299,40.3333333333333,29.4338507652283,36.0440549850464,19.6385612487793,,,,,,0,0,0
122,1705545663,1.29716936526248,103.770958955153,35.0,29.446186542511,36.0563907623291,16.9479312896729,,,,,,0,0,0
123,1705545669,1.29707415245737,103.770886946889,40.3333333333333,29.4570708274841,36.0672750473022,19.6149406433105,,,,,,0,0,0
124,1705545753,1.29711341600163,103.770911541366,35.0002042364423,29.5252604484558,36.1354646682739,7.48358106613159,,,,,,0,0,0
125,1705545765,1.29713319272472,103.770905161829,35.0002067442122,29.5279173851013,36.1381216049194,7.05737829208374,,,,,,0,0,0
126,1705545795,1.29719814110512,103.770930954994,35.0,29.4943933486938,36.104597568512,6.11500692367554,,,,,,0,0,0
127,1705545807,1.29714187421582,103.770909774283,35.0002125837014,29.4897990226746,36.1000032424927,5.99188852310181,,,,,,0,0,0
128,1705545855,1.29716610307963,103.770915483396,35.0,29.4844861030579,36.094690322876,8.71395969390869,,,,,,0,0,0
129,1705545859,1.29716610307963,103.770915483396,35.0,29.4844861030579,36.094690322876,8.71395969390869,,,,,,0,0,0
130,1705545866,1.29709200500231,103.770889855178,40.3333333333333,29.3931136131287,36.0033178329468,18.7550296783447,,,,,,0,0,0
131,1705545872,1.29706866830497,103.770895225323,40.3333333333333,29.5412650108337,36.1514692306519,19.60546875,,,,,,0,0,0
132,1705545878,1.29744750391376,103.771159760156,71.6666666666667,29.625675201416,36.2358794212341,20.2762889862061,,,,,,0,0,0
133,1705545884,1.29771384757653,103.771356354298,71.6666666666667,29.6723499298096,36.2825541496277,20.5574111938477,,,,,,0,0,0
134,1705545888,1.2977612629491,103.771393408381,71.6666666666667,29.6947231292725,36.3049273490906,19.5416526794434,,,,,,0,0,0
135,1705545889,1.29762911257735,103.771275752171,35.0,29.9364328384399,36.5466370582581,13.9596147537231,,,,,,0,0,0
136,1705545894,1.29771021150203,103.771340361467,55.9965774030103,30.4136867523193,37.0238909721375,17.509105682373,,,,,,0,0,0
137,1705545900,1.29768718585093,103.771340934775,49.9694526973845,30.6854496002197,37.2956538200378,16.5847511291504,,,,,,0,0,0
138,1705545902,1.29767925012978,103.771214112736,13.61895809065,28.2572884559631,34.8674926757812,3.0,,3.63000011444092,2.0699999332428,259.453125,50.9895819656254,0,0,0
139,1705545903,1.29772271029772,103.771317042507,7.5844118738241,28.2800545692444,34.8902587890625,3.0,,2.47000002861023,1.74000000953674,259.453125,49.9017855478417,0,0,0
140,1705545904,1.29766697064163,103.771233055837,23.2145933392418,28.4403328895569,35.050537109375,3.0,,1.00999999046326,2.59999990463257,113.90625,83.258339416298,0,0,0
141,1705545906,1.29766252823295,103.771290639512,22.3536367702278,29.6233162879944,36.2335205078125,3.0,,1.16999995708466,0.949999988079071,81.2109375,46.4700560371118,0,0,0
142,1705545917,1.29765570278376,103.771337568873,21.863187320289,39.1902719298378,45.8004761496559,9.2024327608799,,0.959999978542317,0.720000028616513,81.9140626934059,55.8618939949595,0,0,0
143,1705545933,1.2976383464423,103.771345121883,14.2461161109449,40.0520272292197,46.6622314490378,10.0731826672892,,0.0,0.718601814926593,,,0,0,0
144,1705545950,1.29761110990648,103.771288395885,14.2484458473674,29.0657990919426,35.6760033117607,10.0698870018356,,1.77337707496117,1.27222339522839,295.189342843805,37.3907763457871,0,0,0
145,1705545956,1.29758589361388,103.771234634393,14.2493844181125,28.8987007150426,35.5089049348608,10.0685588343094,,1.08332902620496,1.47914681255655,243.957089626719,65.8053460009962,0,0,0
146,1705545964,1.29756932651647,103.771185049426,14.9733204396634,28.3591506313533,34.9693548511714,9.44885599350423,,1.1735672144698,3.83107417157252,247.549862422892,140.131723364301,0,0,0
147,1705545965,1.29759362349108,103.771228862747,15.1035282523689,28.5009592110291,35.1111634308472,9.44088488680022,,0.165091079239694,3.07249242444758,247.549863571238,180.0,0,0,0
148,1705545977,1.29760448355349,103.771240431912,51.0147812072151,38.9794564284384,45.5896606482565,16.0,,0.0,4.75164445218705,,,0,0,0
149,1705545981,1.29760448355349,103.771240431912,51.0147812072151,38.9794564284384,45.5896606482565,16.0,,0.0,4.75164445218705,,,0,0,0
150,1705545987,1.2973070972506,103.771043979097,40.3333333333333,32.2171607017517,38.8273649215698,18.1875267028809,,,,,,0,0,0
151,1705545992,1.29711710191051,103.770915662047,40.3333333333333,31.8074584007263,38.4176626205444,19.5437641143799,,,,,,0,0,0
152,1705545996,1.29704301675336,103.770865555315,40.3333333333333,31.5708365440369,38.181040763855,19.4193267822266,,,,,,0,0,0
153,1705545997,1.29728207653128,103.770890658668,35.0,31.4658455848694,38.0760498046875,16.9330749511719,,,,,,0,0,0
154,1705546002,1.29733504484557,103.770883897054,35.0,31.3787064552307,37.9889106750488,19.1199779510498,,,,,,0,0,0
155,1705546008,1.2973479121865,103.770906614602,35.0,31.3383469581604,37.9485511779785,14.3192567825317,,,,,,0,0,0
156,1705546031,1.29727855352475,103.770896476797,35.0,31.2356514930725,37.8458557128906,18.9475574493408,,,,,,0,0,0
157,1705546037,1.29733165665969,103.770900106897,35.0,31.2452912330627,37.8554954528809,14.2995147705078,,,,,,0,0,0
158,1705546043,1.29724898561483,103.7708908384,35.0,31.2773327827454,37.8875370025635,18.600643157959,,,,,,0,0,0
159,1705546044,1.29719340807247,103.770883834726,35.0,31.2773661613464,37.8875703811646,18.600643157959,,,,,,0,0,0
160,1705546050,1.29733211407343,103.770899066003,35.0,31.2770829200745,37.8872871398926,18.600643157959,,,,,,0,0,0
161,1705546055,1.29737997067471,103.770904342995,35.0,31.2914490699768,37.9016532897949,15.9363126754761,,,,,,0,0,0
162,1705546058,1.29722815274187,103.770929269557,35.0,30.9172315597534,37.5274357795715,16.4005870819092,,,,,,0,0,0
163,1705546064,1.29708233174892,103.770890361612,40.3333333333333,30.9173216819763,37.5275259017944,24.7726249694824,,,,,,0,0,0
164,1705546071,1.2971373351398,103.770883503866,35.0,30.1501407623291,36.7603449821472,17.2541694641113,,,,,,0,0,0
165,1705546077,1.29707756567412,103.770881348084,40.3333333333333,29.926637172699,36.5368413925171,19.698766708374,,,,,,0,0,0
166,1705546084,1.29714761079085,103.770885214005,35.0,29.7558960914612,36.3661003112793,15.8070583343506,,,,,,0,0,0
167,1705546091,1.29708842691193,103.770882592134,40.3333333333333,29.7561106681824,36.3663148880005,23.116268157959,,,,,,0,0,0
168,1705546114,1.29709110198351,103.770882880847,40.3333333333333,29.5227961540222,36.1330003738403,15.8193807601929,,,,,,0,0,0
169,1705546115,1.29709162632569,103.770875753809,35.0,29.4987192153931,36.1089234352112,14.6162204742432,,,,,,0,0,0
170,1705546121,1.29709669183177,103.770955752623,35.0,29.4868412017822,36.0970454216003,16.6337928771973,,,,,,0,0,0
171,1705546127,1.29706955445685,103.770895424201,40.3333333333333,29.5043025016785,36.1145067214966,19.525390625,,,,,,0,0,0
172,1705546128,1.29713724139049,103.770946729073,35.0,29.580509185791,36.1907134056091,16.7603454589844,,,,,,0,0,0
173,1705546136,1.29753898164044,103.771182216499,35.0,30.485230922699,37.0954351425171,19.7224960327148,,,,,,0,0,0
174,1705546142,1.29760932011658,103.771246990621,47.0,31.063747882843,37.6739521026611,19.1157302856445,,,,,,0,0,0
175,1705546143,1.29761046875711,103.771270702759,35.0,31.1369042396545,37.7471084594727,16.7694358825684,,,,,,0,0,0
176,1705546154,1.29760101012064,103.77120671407,14.4499664442534,29.2619223156944,35.8721265355125,9.7785123129774,,0.593205584459406,4.61551044474389,279.422093144058,180.0,0,0,0
177,1705546160,1.29759685309266,103.771258020904,14.3192082796547,28.6206345641986,35.2308387840167,9.96900734972981,,0.494492260265211,1.48263886826559,305.063221397088,158.728441358901,0,0,0
178,1705546166,1.29761368396137,103.771301016413,14.263537602093,29.4519930966198,36.062197316438,10.0484988117021,,0.306347487951719,1.83610404750493,1.84595681756277,180.0,0,0,0
179,1705546170,1.29756872450622,103.771339683271,14.2792090437722,28.8697509784251,35.4799551982433,10.0262167530606,,1.29528718695868,1.70246535711013,145.998620105442,70.9106051762101,0,0,0
180,1705546173,1.29755033869076,103.771398386611,14.2669454249229,29.0649253865704,35.6751296063885,10.043659768101,,2.1475787903292,1.86096328791136,125.196859355949,38.5834403773304,0,0,0
181,1705546178,1.29750866071298,103.77144009102,14.2547675087927,29.351826461032,35.9620306808501,10.0609361674432,,1.35400307772084,1.66905737357239,137.24880629911,53.3772341641138,0,0,0
182,1705546181,1.29746702870813,103.771469451158,14.252148894644,29.7125064870343,36.3227107068524,10.0646453082062,,1.65756543801649,1.66360639310662,153.044584550143,42.9734106403806,0,0,0
183,1705546222,1.29743238375603,103.771498780398,14.2492024821845,30.6304982593283,37.2407024791464,10.0688163116031,,0.343088111189006,2.13123704947497,175.7930654386,180.0,0,0,0
184,1705546227,1.29738682192518,103.77151221473,14.2500332821889,30.406634407118,37.0168386269361,10.0676404758815,,1.15548196402127,1.59471763066859,160.648028710718,55.6865337483515,0,0,0
185,1705546230,1.2973376596156,103.771536196303,14.2475903391683,30.9917050302029,37.601909250021,10.0710973991088,,1.83702029819621,1.36104510882165,152.103378315058,33.2475953998661,0,0,0
186,1705546234,1.29728380306055,103.771560854067,14.2558559595607,30.7506621694192,37.3608663892373,10.0593938264368,,1.97021926806156,1.75009113467194,155.844653756864,38.5938378966849,0,0,0
187,1705546242,1.29723470750101,103.77159028667,14.2504344088491,31.5844680061564,38.1946722259745,10.0670726854528,,1.08518681852016,1.50521926817985,150.770778073624,58.6660229371671,0,0,0
188,1705546246,1.29719869214682,103.771610275179,4.78058261604468,32.1292769825086,38.7394812023267,3.31218460897944,,1.076192032045,1.9149203610876,151.816564702396,75.6741380488028,0,0,0
189,1705546249,1.29715891189003,103.771647577299,4.77031047907085,32.405307543464,39.0155117632821,3.32696182215181,,1.49398151374353,1.51790491393914,147.157599941915,45.476752187512,0,0,0
190,1705546254,1.29712646675936,103.771678892095,4.78044866125304,32.1076061008498,38.7178103206679,3.31237794188901,,0.802205545343911,1.15241707110969,150.588616459852,65.1858836212783,0,0,0
191,1705546257,1.29708699306478,103.771716239251,4.76560314247974,32.6452408470213,39.2554450668395,3.3337012045437,,1.57491435653475,1.09727942470246,141.728923041736,33.4925432318303,0,0,0
192,1705546261,1.29705665405412,103.77175958702,4.76118552250955,32.5133864311501,39.1235906509682,3.34000740314064,,1.25647786562161,1.2093672991729,132.462263228671,44.0295576813145,0,0,0
193,1705546265,1.29700680789083,103.771790080017,4.74976992965523,33.63119363226,40.2413978520781,3.35622148377186,,1.46126030366339,1.2768046627569,139.521291941677,38.6675994890317,0,0,0
194,1705546270,1.29698586308726,103.771830656348,4.74841623029077,32.5957351503894,39.2059393702075,3.35813643807098,,0.744758851245731,1.23548734492311,130.818878686883,72.1886699249213,0,0,0
195,1705546275,1.29695601064792,103.771869157432,4.74590322301829,33.7564134066924,40.3666176265106,3.36168702150178,,1.09280913868637,1.24215887941938,131.016879938783,50.082364263008,0,0,0
196,1705546280,1.29693999194338,103.771919270684,4.74558353488471,33.6477601006627,40.2579643204808,3.36213829968667,,0.758383869457052,1.22974882850009,137.38683484732,69.0132863873086,0,0,0
197,1705546284,1.29690853587434,103.771966166326,4.74354008439892,34.5590177932754,41.1692220130935,3.3650207280921,,1.17446252569623,1.25545056924876,135.796725064157,46.6408640362377,0,0,0
198,1705546289,1.29687835814191,103.772008766837,4.74510428757681,33.7662059990689,40.376410218887,3.3628146444324,,0.977960403116752,1.22361546642444,136.757089994944,52.0803684616491,0,0,0
199,1705546294,1.29685303407782,103.772053370102,4.74989320993025,34.5018042502925,41.1120084701106,3.35604700906399,,1.02805165439216,1.25592823383332,123.677361134344,52.0209292477954,0,0,0
200,1705546299,1.29682498549213,103.772102658667,4.74657389433186,33.9045343156904,40.5147385355085,3.36073999268556,,1.28039468251843,1.23892403557531,116.181212286958,42.5461767207151,0,0,0
201,1705546304,1.2967915736435,103.772145991738,4.7462056838984,33.728175370954,40.3383795907721,3.36125997788319,,1.14733599437439,1.23837357360127,118.4992411369,47.1797582960843,0,0,0
202,1705546309,1.29677422952964,103.772194916384,4.74842884837796,33.5751649579033,40.1853691777214,3.3581185959821,,1.02481732151609,1.3063374704149,103.032350724907,53.053787803689,0,0,0
203,1705546314,1.2967731005502,103.772245006204,4.74799389725814,34.2086619669571,40.8188661867753,3.35873353875956,,0.764904783574394,1.24196963152882,83.0716290736658,61.724377399506,0,0,0
204,1705546318,1.29676391025476,103.772290676577,4.74720508303024,35.047608114779,41.6578123345971,3.35984834961947,,1.19398386421959,1.13185951069578,101.908420956075,38.5485054152603,0,0,0
205,1705546322,1.29677179717025,103.772335018095,4.74721447684546,34.7166678868234,41.3268721066415,3.35983507684792,,1.16783004011206,0.740208580966138,83.1555741572759,26.8290943911987,0,0,0
206,1705546327,1.29680633288704,103.772368708307,4.7468850701002,35.5523558920249,42.162560111843,3.36030045740684,,0.961168608726214,1.2483746229174,45.2499902511222,57.0257239473621,0,0,0
207,1705546332,1.29684298270057,103.77241067651,4.74480625942615,36.8955462640151,43.5057504838333,3.36323513797344,,1.36515094887581,1.24452726759395,55.3926388294286,39.992529752921,0,0,0
208,1705546336,1.29687554153978,103.772444298112,4.74542758618999,36.6675004344434,43.2777046542615,3.36235840698398,,1.17653948311227,1.11018679895407,48.5740132675781,43.0453751061729,0,0,0
209,1705546341,1.29691313260871,103.772477625312,4.74358185063387,37.0089030433446,43.6191072631627,3.36496185106545,,1.01634089375694,1.25367338041187,46.5767434014415,53.6618171603249,0,0,0
210,1705546345,1.29694795408109,103.77250808976,4.74228843726819,37.7052301354706,44.3154343552888,3.36678443184906,,1.19641037491925,0.579173687291846,41.2030156200037,28.2303178885166,0,0,0
211,1705546350,1.29698933483575,103.772542924103,4.74437647175463,38.7630737805739,45.373278000392,3.36384139445515,,1.32948625591797,1.25837162840725,45.452668525404,39.874679907044,0,0,0
212,1705546355,1.29703105389609,103.772574740704,4.74580528751046,38.8080343035981,45.4182385234162,3.36182527889636,,1.03885739898946,1.27368766247608,44.2378440337704,53.0351045556138,0,0,0
213,1705546360,1.29707307284149,103.772604195291,4.74475042614653,38.4621671494097,45.0723713692278,3.36331390541697,,0.848206157438323,1.25925833345301,38.0085101056658,63.2763790873609,0,0,0
214,1705546364,1.2971111560728,103.772628434089,4.74360048061926,38.8672263324261,45.4774305522442,3.36493558824795,,1.05785130282401,1.25271330532841,39.0255682644677,50.7505061431789,0,0,0
215,1705546369,1.29715476605718,103.772663264873,4.74400266053334,39.418621936813,46.0288261566311,3.36436855734348,,1.34078204013684,1.20828477656474,36.5044965894573,38.5659281287994,0,0,0
216,1705546438,1.29712297604851,103.772698338653,4.74511022752751,39.0840178048238,45.6942220246419,3.362806262841,,0.160377521729774,1.65292176528713,155.235933119278,180.0,0,0,0
217,1705546573,1.29717219402128,103.772696871032,4.75285952587237,40.7698244396597,47.3800286594778,3.35184476969222,,0.0266047093098472,1.22443449314163,155.235951825002,180.0,0,0,0
218,1705547166,1.29773611171697,103.772991631441,43.0,40.7152242660523,47.3254284858704,20.6994438171387,,,,,,0,0,0
219,1705547173,1.29840851595899,103.773674520537,35.0,39.7863941192627,46.3965983390808,18.5067100524902,,,,,,0,0,0
220,1705547179,1.29876232874184,103.773992754691,40.0,35.1471991539001,41.7574033737183,19.2796592712402,,,,,,0,0,0
221,1705547193,1.29900407366767,103.774305200255,77.0,32.6621890068054,39.2723932266235,23.0833168029785,,,,,,0,0,0
222,1705547195,1.29903673774231,103.774315936622,37.0,31.8877024650574,38.4979066848755,19.2435894012451,,,,,,0,0,0
223,1705547220,1.29936370486438,103.774589905599,83.0,28.0155515670776,34.6257557868957,20.1389770507812,,,,,,0,0,0
224,1705547222,1.29945040528823,103.774658142853,83.0,27.0213975906372,33.6316018104553,18.0193920135498,,,,,,0,0,0
225,1705547214,1.29905169446342,103.774344933254,64.3333333333333,30.2752871513367,36.8854913711548,17.9509944915771,,,,,,0,0,0
226,1705547224,1.29949259106191,103.774540051915,47.2952888696795,22.1348519325256,28.7450561523437,32.0,,7.46000003814697,3.67000007629395,9.140625,30.4510938483704,0,0,0
227,1705547225,1.29958433099212,103.774554720245,52.5553847747917,22.3344979286194,28.9447021484375,32.0,,7.46000003814697,4.19000005722046,9.140625,34.9669348898268,0,0,0
228,1705547226,1.29965733736875,103.774495041095,17.2142597814785,24.5876717567444,31.1978759765625,3.0,,7.46000003814697,2.91000008583069,19.6875,28.94999585372,0,0,0
229,1705547227,1.29979664459946,103.774485234268,5.57776138983045,24.2334847450256,30.8436889648438,3.0,,7.17000007629395,1.41999995708466,10.8984375,12.8125452508045,0,0,0
230,1705547228,1.29990556743117,103.774531083278,5.51934490291039,23.8384652137756,30.4486694335937,3.0,,7.3899998664856,1.82000005245209,10.546875,15.9437669286214,0,0,0
231,1705547230,1.29999617580445,103.774501578979,4.47175334277182,23.0880379676819,29.6982421875,3.0,,7.3899998664856,2.61999988555908,346.9921875,21.8813374590254,0,0,0
232,1705547231,1.3000898435724,103.774495711647,4.28135019936449,22.9964852333069,29.606689453125,3.0,,7.63000011444092,1.71000003814697,351.9140625,8.5221431406408,0,0,0
233,1705547232,1.30014575086655,103.774459669463,3.62906742393265,22.3378548622131,28.9480590820312,3.0,,7.75,0.949999988079071,339.649841308594,7.18574576631517,0,0,0
234,1705547233,1.30020379554601,103.774440474905,3.53553390593274,22.2102303504944,28.8204345703125,3.0,,7.75,1.88999998569489,335.316650390625,18.1106939616794,0,0,0
235,1705547234,1.30024859681847,103.774420274518,3.53553390593274,21.6487679481506,28.2589721679687,3.0,,6.71000003814697,1.97000002861023,334.053039550781,22.989687623569,0,0,0
236,1705547236,1.30031162873032,103.774388171829,3.53553390593274,19.8528695106506,26.4630737304687,3.0,,3.48000001907349,0.319999992847443,332.518829345703,6.05136276263688,0,0,0
237,1705547238,1.30036087046063,103.774363502182,4.71731261333903,20.0298113478348,26.6400155676529,3.40169057099868,,3.4100000858302,0.31999999302792,332.518829345703,6.07099315319825,0,0,0
238,1705547240,1.30040186186304,103.774312911483,4.71731277957287,20.3531147595495,26.9633189793676,3.401690340473,,3.74999999999935,0.639999985803313,332.518829345703,11.1416999798064,0,0,0
239,1705547241,1.30045292269479,103.774310114964,4.71731280000223,20.1515157688409,26.761719988659,3.40169031214247,,3.9600000381462,0.30797220665024,332.518829345703,4.25584732937903,0,0,0
240,1705547242,1.30049152783425,103.77427794014,4.71731289630611,19.6148340636864,26.2250382835045,3.40169017859254,,4.59000015258669,0.540000021651013,332.518829345703,6.92751338926993,0,0,0
241,1705547244,1.30056332576688,103.774175536487,4.71731323611379,19.527495065704,26.1376992855221,3.40168970736228,,7.11000013350997,0.540000021919596,304.804686309388,4.96986975568346,0,0,0
242,1705547245,1.30058384131592,103.774113899626,4.71731347514449,19.6033007306978,26.2135049505159,3.40168937588503,,7.11000013350997,0.740000009873138,298.124998721175,6.27651439909767,0,0,0
243,1705547246,1.30061661456239,103.774056232122,4.71731370199466,19.8612963352352,26.4715005550534,3.40168906129915,,7.11000013350997,1.15999996683557,298.124998721142,11.0424744066391,0,0,0
244,1705547247,1.30066200773334,103.774000669192,4.71731391828912,19.6169730443507,26.2271772641689,3.40168876135143,,7.48999977111298,0.494071766442981,303.592010498047,4.36316248862651,0,0,0
245,1705547248,1.30069821194473,103.773943948959,4.71731413866231,19.2245168564841,25.8347210763022,3.40168845574746,,7.38000011443596,0.396734348351775,303.592010498047,3.24935365319047,0,0,0
246,1705547249,1.30073146652772,103.773886969134,4.71731435985139,18.9429616807029,25.553165900521,3.401688149012,,7.38000011443596,0.839999974093293,303.592010498047,7.77569908700681,0,0,0
247,1705547250,1.30075485965722,103.773840192793,4.71731454579087,17.8581224493682,24.4683266691864,3.40168789115915,,7.0599999427752,1.33000004309931,303.592010498047,15.6498229075008,0,0,0
248,1705547251,1.30080236877607,103.773815892115,4.71731466544677,17.7210363885388,24.3312406083569,3.40168772522547,,5.98000001907084,1.41052203856087,303.592010498047,15.1453944349535,0,0,0
249,1705547252,1.30081636373908,103.773769457678,4.71731484258771,16.6691560531035,23.2793602729216,3.401687479574,,5.48000001907146,1.41999995718846,301.306060791016,17.0322771011734,0,0,0
250,1705547253,1.30084199531571,103.773728992273,4.71731500592954,17.9981353329495,24.6083395527676,3.40168725305852,,5.23000001907172,0.699999988271654,301.306060791016,8.71736531504542,0,0,0
251,1705547254,1.30086479799899,103.773689446828,4.71731516098686,16.0346953924745,22.6448996122926,3.40168703803162,,5.23000001907172,0.620000004985846,301.289061588305,9.30252725803427,0,0,0
252,1705547256,1.3008975550575,103.773642182828,4.71731537098997,16.5506244106218,23.1608286304399,3.40168674680821,,3.54999995231573,1.22000002866103,303.046874392974,22.2108753034583,0,0,0
253,1705547257,1.30095146192402,103.773604428409,4.73780191153223,13.3026698380709,19.912874057889,3.37309502977168,,4.15043966680322,1.62140021413597,296.932867178125,19.5638788496809,0,0,0
254,1705547259,1.30097450438903,103.773554828886,4.76258604197469,13.9434554688632,20.5536596886814,3.33801006972368,,2.96426463474467,2.01876574317341,291.841385462116,31.9087568469551,0,0,0
255,1705547261,1.30099506442302,103.77350565855,4.76521853703645,14.0246260212734,20.6348302410915,3.33425093942747,,3.1898733046619,1.8847472586358,293.870510143977,28.1888065516832,0,0,0
256,1705547263,1.30100733813466,103.773459283499,4.77667348729425,13.8282075040042,20.4384117238224,3.31781967993576,,2.80791487952684,1.9221090640658,295.113662401036,32.9221076685721,0,0,0
257,1705547265,1.30102905232556,103.773370231634,4.79641429440561,13.5380255673081,20.1482297871262,3.28921676835237,,4.13244320773125,2.06558862278453,287.508130303404,22.0229182391187,0,0,0
258,1705547267,1.3010469611114,103.773288384573,4.78065741563752,13.1523543307558,19.7625585505739,3.31207664571622,,4.70577963020658,2.02513247619494,280.301989551286,18.1248744278691,0,0,0
259,1705547269,1.3010661405018,103.773224791546,4.7788545719403,12.2378857266158,18.8480899464339,3.31467736183088,,3.39117927046751,1.96952637225773,283.872870782547,25.0870340533283,0,0,0
260,1705547272,1.30109530420263,103.773181658709,4.75962746487025,11.5341286659241,18.1443328857422,3.34222731549511,,2.06481759260775,1.5548727783509,313.357435467721,42.0560999879003,0,0,0
261,1705547279,1.30113692457246,103.773200208511,4.75161901226833,11.8573198644444,18.4675240842626,3.35360310636768,,0.900531386214082,1.71250376494967,351.346427192391,82.4876501527902,0,0,0
262,1705547282,1.30118606850204,103.773212947716,4.7545323319001,11.6753489114344,18.2855531312525,3.34947150125291,,2.47158823391443,1.50368192830542,32.8160236868654,33.0723759149014,0,0,0
263,1705547285,1.30118170330919,103.77327602352,4.75672181653109,13.0130425589159,19.623246778734,3.34636139604287,,2.45288291693656,1.82265720257461,88.226986013572,29.8858622833952,0,0,0
264,1705547287,1.30117160339187,103.773341638851,4.75480782297718,12.9404262695462,19.5506304893643,3.34908041099999,,3.5451127288787,1.69454919457616,95.6231415734937,19.7789005860838,0,0,0
265,1705547289,1.30114471476881,103.773423280116,4.76374358815035,12.9600326726213,19.5702368924394,3.3363579033349,,4.47114714096848,1.88922873429259,104.175446610182,18.4615679295657,0,0,0
266,1705547290,1.30113665523064,103.773473392154,4.76593535670907,13.1089236186817,19.7191278384998,3.3332262462154,,4.80521143932172,1.84866433254801,100.531211356766,16.2350871262639,0,0,0
267,1705547291,1.30112400321797,103.773524611835,4.77679623533524,13.2269973531365,19.8372015729547,3.31764295228945,,5.29974325150725,2.07418597165129,104.078321504801,16.9252251458323,0,0,0
268,1705547292,1.30111490113303,103.773569606671,4.77920868490564,13.3341455236077,19.9443497434258,3.31416676993046,,4.93720707597886,1.92593442486243,102.782719621689,16.8475336781285,0,0,0
269,1705547293,1.30110448404452,103.773617890985,4.77901898945503,13.5452913474292,20.1554955672473,3.3144403043677,,5.18957095812405,1.68938201753182,102.893823670321,13.9562959719791,0,0,0
270,1705547295,1.3010835938924,103.773688003486,4.77526207507792,13.9515324868262,20.5617367066443,3.3198507718136,,4.21894127197452,1.57654693548145,103.992567347814,18.7560742548526,0,0,0
271,1705547304,1.3010371196906,103.773704603147,4.7579069992157,14.0954025387764,20.7056067585945,3.34467607095263,,0.0946859840507743,1.23785819585074,,,0,0,0
272,1705547311,1.30099961070169,103.773735859937,4.77682226313952,14.629778182134,21.2399824019521,3.31760547672015,,2.20521395228743,2.06882671681106,123.350853288046,50.5386507187655,0,0,0
273,1705547312,1.3010104462884,103.773780610303,4.77059724930722,14.0657484224066,20.6759526422247,3.32655060350676,,3.20130162633817,2.03116050322149,107.69912344956,28.7837525681779,0,0,0
274,1705547314,1.30094917499038,103.773853766907,4.77028350060547,14.7223519058898,21.3325561257079,3.32700050445443,,5.1985488164729,1.67628736337727,137.254341956267,17.771334563237,0,0,0
275,1705547315,1.30091492248934,103.773924920396,4.76324824630506,15.1247322941199,21.734936513938,3.33706505433451,,6.4769056644588,1.71540830387506,127.376636782161,14.4426540676835,0,0,0
276,1705547316,1.3008754188749,103.773987085001,4.76243408871353,15.263764988631,21.8739692084491,3.33822686219019,,6.69740317847155,1.83168931631675,124.96040180217,15.1107390871478,0,0,0
277,1705547317,1.30085013757335,103.774029060188,4.75601539667333,15.4616265697405,22.0718307895586,3.34736531908231,,5.66400841994941,1.5499700957436,117.679634094238,15.226714369053,0,0,0
278,1705547318,1.30082764481846,103.77407243886,4.75923268088533,15.6126824906096,22.2228867104277,3.34278945223624,,5.27685564559958,1.66119940258646,117.679634094238,16.8066408708411,0,0,0
279,1705547319,1.3008059617803,103.774126529297,4.76222799718719,15.9638022724539,22.574006492272,3.33852086044034,,5.53603046500604,1.77320730910451,114.628730773926,15.7959765162777,0,0,0
280,1705547321,1.30078728043885,103.774200145762,4.75933238637722,17.2988827684894,23.9090869883075,3.34264749394394,,4.22998431044492,2.18506832917171,106.751602172852,21.7427239610585,0,0,0
281,1705547322,1.30078798666408,103.774250986589,4.7563047587613,19.0246184663847,25.6348226862028,3.34695414886034,,4.35547989872935,1.90563545739391,95.6719436645508,17.644786539406,0,0,0
282,1705547323,1.30080663534596,103.7742931062,4.75198781932067,19.6386649664491,26.2488691862673,3.35308049378729,,4.20565527663177,1.90040462948114,84.3280563354492,18.680031739849,0,0,0
283,1705547325,1.30086789074898,103.774365069622,4.71874752131965,18.112299118191,24.7225033380091,3.39969981951767,,4.54300653005079,1.61595331307956,37.4408836364746,19.2594741662592,0,0,0
284,1705547326,1.30090649828734,103.774391862645,4.7083356376771,17.3386775106192,23.9488817304373,3.4141049421142,,5.0889616245256,1.67258123503267,35.1729469299316,18.0483648504343,0,0,0
285,1705547327,1.30095742029727,103.774427517244,4.70100791306447,18.2959037143737,24.9061079341918,3.42418773347696,,6.01332486344047,1.5726064757361,35.1729469299316,14.7028186225475,0,0,0
286,1705547328,1.3010034226219,103.774442018955,4.69267714777903,18.3078901330009,24.918094352819,3.43559575903529,,5.96519960475539,1.67791594944055,24.7698287963867,15.259164377218,0,0,0
287,1705547329,1.30106163640531,103.774458445137,4.686437646586,18.0434717573225,24.6536759771407,3.44410209161261,,6.61656755912884,1.70196683128803,18.5508499145508,13.2854654619841,0,0,0
288,1705547330,1.30112056357133,103.774470996148,4.67539936358108,15.6775387339294,22.2877429537475,3.4590718153595,,6.5646954574338,1.96755801604232,9.8844518661499,13.5593524753226,0,0,0
289,1705547331,1.30120174366609,103.774481329767,4.65833451270892,13.8079544762149,20.4181586960331,3.4820190408,,7.57502248865459,1.88259458958952,5.35018587112427,10.7543265618712,0,0,0
290,1705547332,1.30128105493631,103.774482237607,4.66379094161084,12.0365565596148,18.646760779433,3.47470733814195,,7.84672918352176,2.01570520281636,0.0,11.251213511203,0,0,0
291,1705547333,1.30133250321993,103.774477250156,4.66567395023929,11.9016701206565,18.5118743404746,3.47217851252601,,6.49649298441303,1.63689969453031,354.574188232422,11.2158050085726,0,0,0
292,1705547334,1.30138859493871,103.774469466186,4.67550062567824,11.6278161266819,18.2380203465,3.4589349418674,,6.14542530995495,1.88245751706056,350.968353271484,13.4083134097446,0,0,0
293,1705547335,1.3014451982257,103.774455064353,4.67315974193867,11.5741636324674,18.1843678522855,3.46209691648177,,6.70309431586004,1.81045152352074,344.478881835937,11.8002735975339,0,0,0
294,1705547336,1.30151319755487,103.774428567678,4.67581334156939,12.0881254924461,18.6983297122642,3.45851219856032,,7.73334584252436,1.61511742061648,337.69921875,9.73868966378998,0,0,0
295,1705547337,1.3015838178077,103.774397757265,4.67674156471523,11.5429028542712,18.1531070740893,3.45725691403658,,8.16426983193672,1.62781255628383,335.100891113281,9.48375212167776,0,0,0
296,1705547338,1.30165253633299,103.774366065766,4.67539642393749,11.7712026992813,18.3814069190994,3.45907578867844,,8.40829988065202,1.59194995664072,335.100891113281,9.47330934165636,0,0,0
297,1705547339,1.30172613947543,103.774332121586,4.6706219727591,11.1614339379594,17.7716381577775,3.46551979079167,,8.75121133323566,1.65833865324403,335.100891113281,9.53367021679207,0,0,0
298,1705547340,1.30180870156458,103.774294045732,4.67199815560613,10.4588759010658,17.0690801208839,3.46366428321247,,9.40368164639899,1.70406514086596,335.100891113281,9.27785029305173,0,0,0
299,1705547341,1.30188765809746,103.774257632682,4.66959225711641,9.52796172257513,16.1381659423932,3.46690714976148,,9.37605577214065,1.67229855456921,335.100891113281,9.29937173922253,0,0,0
300,1705547342,1.30196778478475,103.774220679982,4.67165073024956,8.5046108122915,15.1148150321096,3.46413286225392,,9.24058707057869,1.54780231158862,335.100891113281,8.47376408987385,0,0,0
301,1705547343,1.3020461528079,103.774184353999,4.67695042404312,8.80784129630774,15.4180455161259,3.45697436551556,,9.21058852013366,1.67534586270089,334.976287841797,9.26222326240767,0,0,0
302,1705547344,1.30212973390618,103.774145588475,4.69078143031675,8.64013590663672,15.2503401264548,3.43818362013787,,9.52492873259315,1.67622155941568,334.976287841797,8.97933096593432,0,0,0
303,1705547345,1.30221589564277,103.774105626038,4.70254727293381,10.037270645611,16.6474748654291,3.42207337422967,,9.8991892442141,1.66642325393293,334.976287841797,8.63785538340148,0,0,0
304,1705547346,1.30229782681267,103.774065260481,4.71279400620233,10.2534142639488,16.8636184837669,3.40794801719337,,10.1503737311143,1.52517270608355,333.625274658203,7.72777200502112,0,0,0
305,1705547347,1.30237739087203,103.774026062161,4.713540021172,10.1766872266307,16.7868914464489,3.4069161277611,,9.97461493297239,1.50936592388316,333.625274658203,8.01724806125111,0,0,0
306,1705547348,1.30245341072639,103.773993143133,4.71097760749641,10.5964565137401,17.2066607335582,3.4104584756974,,9.34430863061606,1.62622491240414,337.384399414062,8.69393205166164,0,0,0
307,1705547349,1.30253952212457,103.773962719178,4.70551588229803,10.0562777034938,16.666481923312,3.41799024489975,,9.48013532539636,1.80409317699508,341.448913574219,9.30964180373436,0,0,0
308,1705547350,1.30262116028159,103.773942350204,4.7031666632819,9.89819264318794,16.5083968630061,3.42122205800539,,9.11801214597114,1.72317064526296,345.526153564453,9.10094517928495,0,0,0
309,1705547351,1.30270589089751,103.773938258222,4.70471409054076,10.0532495807856,16.6634538006037,3.41909379208235,,9.03714955712975,1.74368688226619,356.508087158203,8.94332038026465,0,0,0
310,1705547352,1.30279135900249,103.773952496087,4.70451356954498,10.240640187636,16.8508444074541,3.41936969436707,,9.05326490068114,1.62915322115607,0.915846586227417,7.93843037617822,0,0,0
311,1705547353,1.302866264886,103.773961374658,4.70105317939057,10.6606457764283,17.2708499962464,3.42412558726029,,8.60240796470422,1.81069227314375,4.54369211196899,8.94737441755043,0,0,0
312,1705547354,1.30293412019939,103.773974919108,4.69954838951951,10.6479250295088,17.2581292493269,3.42619059121838,,8.06834416142024,1.80477127201827,11.6681051254272,9.55498725454044,0,0,0
313,1705547355,1.30299791743865,103.773995552122,4.69691012808098,11.2302791550756,17.8404833748937,3.42980644957104,,7.57324954168246,1.63146930613231,19.7764453887939,9.69126693853423,0,0,0
314,1705547356,1.30304953455576,103.774012923713,4.6994016688249,11.493296190165,18.1035004099831,3.42639183220988,,6.65472602707074,1.56891852654351,23.1903991699219,10.6553691089828,0,0,0
315,1705547358,1.3031236817614,103.774053065985,4.70234819490904,10.4295271104202,17.0397313302383,3.42234692669001,,5.0791082944709,1.590842276923,25.4264297485352,15.6554239227654,0,0,0
316,1705547361,1.30317486224011,103.774077793713,4.70667842659609,9.069894624874,15.6800988446921,3.41638920812658,,2.44560758315339,1.57327761213049,29.3615875244141,33.2651435649368,0,0,0
317,1705547366,1.30322239619182,103.774111358563,4.70669956912417,7.95834169536829,14.5685459151864,3.41636008037724,,2.6906886647578,1.52636077131744,40.2198181152344,29.5729472621843,0,0,0
318,1705547368,1.30326287485763,103.774143811054,4.69745033807368,9.73852736596018,16.3487315857783,3.42906654267898,,2.98461123378178,1.79142978387294,46.3855133056641,31.4862760077024,0,0,0
319,1705547369,1.30330192387893,103.774188080325,4.69521047506456,9.65503466594964,16.2652388857678,3.43213281031385,,4.8536085162742,1.55198044342049,46.3855133056641,17.9030384818313,0,0,0
320,1705547370,1.30334407158307,103.774235996656,4.68827275143619,9.39185527246445,16.0020594922826,3.44160364378726,,5.93005923559834,1.54893353057964,46.3855133056641,14.5473471696908,0,0,0
321,1705547371,1.30339171265178,103.774286705532,4.68680181534609,10.2491842517629,16.859388471581,3.44360650720396,,6.8446555269565,1.50725558311915,45.8221321105957,12.4027998466277,0,0,0
322,1705547372,1.30344266656871,103.774336512143,4.68272928595499,10.6065466534346,17.2167508732527,3.44914242490048,,7.39524802932539,1.65004229196362,45.8221321105957,12.5668403157356,0,0,0
323,1705547373,1.30347941075907,103.774396874551,4.68076261976564,11.7843854706734,18.3945896904916,3.45181087694467,,7.53436958155057,1.6322058754514,54.3447685241699,12.1177756574265,0,0,0
324,1705547374,1.30351989566855,103.774442215004,4.68731372139415,12.3440722040832,18.9542764239013,3.44290968659055,,7.02172301019657,1.47371662143261,54.3447685241699,11.7911333343684,0,0,0
325,1705547375,1.30355130790758,103.774486616671,4.68529977440053,13.3608139259741,19.9710181457922,3.44564987437655,,6.08250788334846,1.60084468046988,57.5135231018066,15.0712788679279,0,0,0
326,1705547377,1.30358532271163,103.774540776184,4.66098474469021,13.6987819140777,20.3089861338958,3.49859560911843,,3.48303707487262,1.5742858541383,58.4700622558594,25.373380579499,0,0,0
327,1705547404,1.3037561841103,103.774448540718,4.73195322733358,17.8443923722953,24.4545965921134,3.38129497191774,,1.18358796702233,1.59857936157964,328.255276012696,71.4306022642651,0,0,0
328,1705547409,1.30376861474701,103.774400555342,4.73230183542237,18.5780472969636,25.1882515167817,3.38080705915716,,1.23329035256227,1.45201045679933,302.425031644469,61.8968347845695,0,0,0
329,1705547413,1.30374841529229,103.774357917788,4.73623169297062,19.3883856488392,25.9985898686573,3.37529945090647,,1.25614528080236,1.56746628303758,308.204239518635,67.1194213293352,0,0,0
330,1705547420,1.30375272512154,103.774311045391,4.73611631377604,20.3085214626044,26.9187256824225,3.3754613455309,,1.35277525050013,1.64183699381409,334.683886358564,58.3525713810765,0,0,0
331,1705547426,1.3037274990791,103.774272735991,4.74432919574859,20.3766353316605,26.9868395514786,3.36390807174578,,0.387640649025722,1.21522877698442,,,0,0,0
332,1705547434,1.30374456552854,103.774220973237,4.74958781289566,21.6286805970594,28.2388848168775,3.35647920303133,,0.495594527683193,1.77803226622712,350.815073058804,157.293858435057,0,0,0
333,1705547441,1.3037943785116,103.774208661399,4.75475901472182,21.6997472364455,28.3099514562637,3.34914970473259,,0.808655337569725,1.75641435797082,279.359763727018,88.1014223919484,0,0,0
334,1705547446,1.30377661396249,103.774166061213,4.75253492360542,23.6569997286424,30.2672039484605,3.3523050029345,,0.93028998445247,1.77943506010696,272.753862364664,75.2975725250441,0,0,0
335,1705547449,1.30381366761882,103.774117041227,4.75130516484593,24.4302906850353,31.0404949048534,3.35404774314517,,1.11348600179864,1.71395180381844,338.721058325921,75.9598778384793,0,0,0
336,1705547452,1.30383105555476,103.774064631636,4.75685614699625,23.6164102815092,30.2266145013273,3.34617044239722,,0.978178865011766,1.72158891491926,287.940023841706,80.337231810269,0,0,0
337,1705547454,1.30387090495046,103.774029272068,4.75800569413346,23.6783594461158,30.2885636659339,3.34453566992227,,0.934656731357391,1.59071396431879,303.900824152221,94.1948421787648,0,0,0
338,1705547457,1.30389392031868,103.773986390105,4.75210190330209,23.7647465942428,30.3749508140609,3.35291880805686,,1.49056505554961,1.55686164458659,244.07921889408,51.7662061161487,0,0,0
339,1705547462,1.30391464554904,103.773944287912,14.2485998295044,24.7961306124926,31.4063348323107,10.0696691203707,,0.845865113467362,1.78032069258877,251.807420394398,96.483147683827,0,0,0
340,1705547466,1.30393102183006,103.773896681304,14.2534961689052,25.315485839732,31.9256900595501,10.0627372149979,,0.778898266176769,1.8296270412766,278.339891412425,96.9231229213552,0,0,0
341,1705547472,1.30392090132646,103.773850251424,14.249493526385,23.625520833768,30.2357250535861,10.0684044186063,,1.26415431619416,1.81266635284659,256.216197590869,63.865041888944,0,0,0
342,1705547476,1.30395727087907,103.773811657814,14.2533450887354,22.9076654296368,29.517869649455,10.0629512110772,,1.02163954950269,1.76990344141819,240.057494768619,87.0002835954112,0,0,0
343,1705547479,1.30399987107533,103.773793442208,14.2638354022091,22.9991153832525,29.6093196030706,10.0480760802149,,1.05064241978586,2.15615306829061,3.10028989307386,86.8454029863041,0,0,0
344,1705547484,1.30400977193681,103.773719962356,14.2686346908541,22.9469241425395,29.5571283623576,10.0412597493568,,2.0812734716519,2.19634488167388,279.625099508181,50.0244728302666,0,0,0
345,1705547489,1.3040153754687,103.77366138572,14.2709900939283,23.0193962845951,29.6296005044132,10.0379118861493,,1.33929685047212,1.80358351141838,290.249955535365,68.6919655033616,0,0,0
346,1705547493,1.30406679898533,103.773611320351,14.2637940821147,23.760258696042,30.3704629158601,10.0481347362646,,1.92770342981321,1.73624086537966,301.526749942312,50.5205996472382,0,0,0
347,1705547497,1.30409889335128,103.773573649287,14.2533849205063,24.1364607652649,30.746664985083,10.0628947924035,,1.81847541524615,2.27051602060818,315.224542297916,68.3340337158102,0,0,0
348,1705547500,1.30414390270694,103.773556523843,14.2514714614325,24.0313049992546,30.6415092190728,10.0656045262603,,1.06576142023137,2.26459564598372,325.998753933212,109.007764307869,0,0,0
349,1705547501,1.30420765758543,103.773551045046,14.2504460926758,24.3053068043664,30.9155110241845,10.0670561464035,,3.15595370222548,2.72887123084192,354.615422606073,36.2124555457226,0,0,0
350,1705547504,1.30425389474353,103.773520404949,14.2531603276439,24.1885141842067,30.7987184040248,10.0632129049115,,1.62042238624043,2.37807068777459,320.310109416198,74.5435169308554,0,0,0
351,1705547507,1.30428796972726,103.77349073408,14.2621035954077,23.3910074830055,30.0012117028236,10.0505340320282,,1.81190187641804,2.31043799775234,343.557486157062,57.6172641556175,0,0,0
352,1705547510,1.30429992429048,103.773438745663,14.2436553924542,23.6503845201805,30.2605887399986,10.0766618657227,,1.2606981313361,0.727975613878386,312.130414694792,62.3561462303807,0,0,0
353,1705547514,1.30433678728842,103.773393916842,14.2454698230256,23.3085474697873,29.9187516896054,10.0740966253241,,1.44841767245116,1.77890116451162,309.398196789171,67.4274410111401,0,0,0
354,1705547520,1.30433895370409,103.773339813689,14.2521420165109,22.5504780625924,29.1606822824106,10.0646550480533,,1.07716473355855,1.99693571764117,295.54447608935,88.6130529107891,0,0,0
355,1705547525,1.3043314621238,103.773344922844,4.7888166200937,19.6643646685407,26.2745688883588,3.30026853633203,,1.23329977138872,1.77858485276607,74.5294297504938,63.6886958182527,0,0,0
356,1705547530,1.30432461974243,103.773390364903,14.2605263592956,15.4883912950754,22.0985955148935,10.052771819301,,0.638819965269475,1.93753535833553,84.7158767830757,121.877951188808,0,0,0
357,1705547535,1.30436264384707,103.7734214354,14.3471677294951,14.190560429357,20.8007646491751,9.92872657679897,,0.992392786879385,2.39515129810411,51.4604819191662,106.548666422934,0,0,0
358,1705547539,1.3043819727841,103.773464205215,14.4737392037781,14.72181305103,21.3320172708482,9.74329034546931,,0.985309198823575,2.29481414356586,53.4878268154938,107.19892508482,0,0,0
359,1705547545,1.30428812932345,103.773533552982,23.9917325348376,9.25136804580689,15.861572265625,12.0,,1.5900000333786,1.11000001430511,11.25,43.2428838618345,0,0,0
360,1705547546,1.30439635682163,103.773484225287,23.9917325348247,14.7734448630363,21.3836490828544,12.0000000000258,,0.0,1.10994992065021,53.651525653773,180.0,0,0,0
361,1705547547,1.30446585355357,103.773351020433,65.7676716629532,10.5250498894602,17.1352541092783,47.9999999999999,,1.59000003337855,5.62084254019793,11.9531250673613,102.066601312753,0,0,0
362,1705547550,1.30445321090641,103.773411931567,77.312336518378,10.0133309401572,16.6235351599753,32.0,,1.44000005722046,4.36033266274862,,,0,0,0
363,1705547553,1.30447345320257,103.77346876087,103.780005659191,10.0188851403072,16.6290893601254,32.0,,1.44000005722046,5.03115294937453,,,0,0,0
364,1705547558,1.30448296666267,103.773553334273,131.653954458237,8.51558923721314,15.1257934570312,64.0,,1.33000004291534,4.59000015258789,70.6640625,89.1401226691086,0,0,0
365,1705547559,1.30442647381231,103.773445961607,14.5620339157428,13.9418875975534,20.5520918173715,9.61082730735792,,0.0,1.03144377931881,53.6543430182552,180.0,0,0,0
366,1705547567,1.30448281038327,103.773422559191,14.5262692586348,15.2343192864209,21.8445235062391,9.6647987418642,,0.0254532964946944,1.80520604733767,53.6543419163139,180.0,0,0,0
367,1705547608,1.30513025913509,103.773966981195,142.476012495175,-39.4657950373366,-32.8555908175185,96.0,,0.579999983310699,4.51685727189996,,,0,0,0
368,1705547611,1.30508047061634,103.77394063398,200.0,-39.1174011230469,-32.5071969032288,68.0986175537109,,0.495910034855664,5.32857414745292,,,0,0,0
369,1705547612,1.30513025913509,103.773966981195,175.687445296274,-39.4657950373366,-32.8555908175185,96.0000000000713,,0.0,5.36656335924756,,,0,0,0
370,1705547614,1.30446816848589,103.773441149166,14.4472370690631,15.47582566645,22.0860298862681,9.78254437073443,,0.0650087775167057,1.90975891005044,53.6543425586503,180.0,0,0,0
371,1705547660,1.30457696769923,103.773398648557,14.4497988801026,16.061738146469,22.6719423662871,9.77875992238706,,0.0,1.592988683867,16.8558466157276,180.0,0,0,0
372,1705547698,1.30471088329241,103.773328290485,15.0070861090389,17.3816650966182,23.9918693164363,9.6693248121041,,0.0,1.76822675712184,15.5949784463867,180.0,0,0,0
373,1705547713,1.30465146861875,103.773313214249,14.3569667584445,17.2898650402203,23.9000692600384,9.91455187045875,,0.125326168329516,1.88482026575289,15.5949781297016,180.0,0,0,0
374,1705547761,1.30464724313534,103.773260927054,15.8389508553341,17.24482073728,23.8550249570981,9.76076504471119,,0.539175151995665,4.5539968749503,15.5949760401322,180.0,0,0,0
375,1705547774,1.30463212316987,103.773208773066,14.3307741441196,23.0341727714986,29.6443769913167,9.95237387387205,,0.095558113210966,2.63632883796904,15.5949740094353,180.0,0,0,0
376,1705547777,1.30470483334379,103.773222629083,15.8979660896924,23.4838421493769,30.094046369195,9.90772561147995,,1.49954009180467,3.88518661600078,20.0475995784646,118.912315214454,0,0,0
377,1705547778,1.30465538739714,103.773230120571,14.3223688887185,22.4704540986568,29.0806583184749,9.96446600227869,,0.274172957301611,2.27525976184783,20.5168117163854,180.0,0,0,0
378,1705547808,1.30464756007636,103.773184122919,14.3968658450611,25.3184501053765,31.9286543251947,9.85652510443776,,0.0655239957478618,1.51614602502876,346.563019615961,180.0,0,0,0
379,1705547829,1.3046104934486,103.773333134028,35.0,13.7651824951172,20.3753867149353,2.54475378990173,,,,,,0,0,0
380,1705548134,1.30465533619421,103.773321456312,51.156995681314,13.6960926055908,20.3062968254089,2.55179715156555,,,,,,0,0,0
381,1705548140,1.30482155838177,103.773273795732,118.146092176569,13.6960926055908,20.3062968254089,2.51502633094788,,,,,,0,0,0
382,1705548148,1.30505087885605,103.773214401297,135.333333333333,13.6960926055908,20.3062968254089,2.54900288581848,,,,,,0,0,0
383,1705548149,1.30500026208207,103.773237467629,38.0,13.6960926055908,20.3062968254089,2.37533164024353,,,,,,0,0,0
384,1705548200,1.30493867492827,103.773243459316,107.361470268332,13.6960926055908,20.3062968254089,2.57465744018555,,,,,,0,0,0
385,1705548214,1.30499099531881,103.773237196697,38.0,13.6960926055908,20.3062968254089,2.33773612976074,,,,,,0,0,0
386,1705548474,1.30499480757984,103.773183357067,36.5165155895231,13.7202401161194,20.3304443359375,12.0,,6.92999982833862,6.05999994277954,229.5703125,103.923049429415,0,0,0
387,1705548475,1.30495416371115,103.773135957693,36.5165155895146,15.736127817072,20.3304481143132,12.0000000000259,,6.92999982833451,6.05999994281513,229.57031142052,103.923049429415,0,0,0
388,1705548480,1.30483838277776,103.773144595544,200.0,15.7381019592285,22.3483061790466,20.0000591278076,,2.70573632232736,15.9519454945664,,,0,0,0
389,1705548485,1.30498096853972,103.773223767283,38.0,13.7158002853394,20.3260045051575,2.60039162635803,,,,,,0,0,0
390,1705548851,1.30504300670933,103.773240433344,41.0,13.6960926055908,20.3062968254089,2.61198902130127,,,,,,0,0,0
391,1705548861,1.30498301721345,103.773230701414,39.0,13.6960926055908,20.3062968254089,2.60635495185852,,,,,,0,0,0
392,1705548866,1.30502335303114,103.77320634673,37.0,13.6960926055908,20.3062968254089,2.60193824768066,,,,,,0,0,0
393,1705548887,1.30498688164645,103.773237535822,37.0,13.6960926055908,20.3062968254089,2.45029163360596,,,,,,0,0,0
394,1705548998,1.30446376986034,103.773455151037,35.0,13.6960926055908,20.3062968254089,2.71222352981567,,,,,,0,0,0
395,1705549025,1.30426783313439,103.773567127493,35.0,13.6960926055908,20.3062968254089,2.60952973365784,,,,,,0,0,0
396,1705549030,1.30415005633874,103.773634758751,35.0,13.6960926055908,20.3062968254089,2.67625665664673,,,,,,0,0,0
397,1705549076,1.30415714927654,103.77368851983,129.393781344138,13.6960926055908,20.3062968254089,2.70188212394714,,,,,,0,0,0
398,1705549083,1.3042183528666,103.773783187984,35.0,13.6960926055908,20.3062968254089,2.69527578353882,,,,,,0,0,0
399,1705549088,1.30408199878283,103.77389591044,37.0,13.6960926055908,20.3062968254089,2.68379926681519,,,,,,0,0,0
400,1705549093,1.30440577125923,103.773922683223,43.0,13.6960926055908,20.3062968254089,2.68747735023499,,,,,,0,0,0
401,1705549098,1.3044987620993,103.773829831097,39.0,13.6960926055908,20.3062968254089,2.6859073638916,,,,,,0,0,0
402,1705549108,1.30445634383459,103.773712029367,39.0,13.6960926055908,20.3062968254089,2.69654679298401,,,,,,0,0,0
403,1705549113,1.30462558353861,103.773673081082,35.0,13.6960926055908,20.3062968254089,2.67713499069214,,,,,,0,0,0
404,1705549118,1.30468480289104,103.773702448331,13.0516306917148,13.0309700965881,19.6411743164062,4.0,,4.03000020980835,3.53999996185303,302.6953125,91.32201976928,0,0,0
405,1705549119,1.30478316452476,103.773468928508,32.5557067517108,22.2091317176819,28.8193359375,16.0,,0.0,3.53999996185303,323.0859375,99.966102277173,0,0,0
406,1705549120,1.30476841237518,103.773546293475,29.7022797167609,24.2784676551819,30.888671875,16.0,,0.0,0.920000016689301,323.0859375,99.966102277173,0,0,0
407,1705549121,1.30476459860923,103.77360211695,27.5981249332528,24.2068123817444,30.8170166015625,12.0,,0.0,0.75,323.0859375,99.966102277173,0,0,0
408,1705549128,1.30477168131741,103.773551071159,26.5360041262808,23.1955208778381,29.8057250976562,12.0,,1.76999998092651,1.29999995231628,267.890625,24.5395292632312,0,0,0
409,1705549134,1.30472353124883,103.773534357491,27.9916706389184,29.2204671893269,33.8168335948139,12.0000000000003,,1.10000002384184,1.77289313731035,217.265624863726,74.5348890107533,0,0,0
410,1705549137,1.3047848221318,103.77356591783,26.3868898001567,27.3427401296794,31.9391480199993,12.0000000000002,,0.920000016689291,1.89706297127102,351.914062473523,68.741195309849,0,0,0
411,1705549139,1.30482951669036,103.773592068131,27.0347370948683,27.0105124227703,31.6069336645305,12.0000000000002,,0.920000016689291,1.96326343312762,344.179687448681,83.3828547002128,0,0,0
412,1705549141,1.30487466041862,103.773652564817,26.1407891363573,26.3923785276711,30.9889528341591,12.0000000000005,,1.57000005245204,1.16999995709501,62.9296877860585,53.0756822475928,0,0,0
413,1705549145,1.30492298375726,103.773663436013,26.0984189063545,25.2686634371057,29.8652344057336,12.0000000000001,,0.600000023841855,1.10441914341024,98.7890626213347,95.8214144385786,0,0,0
414,1705549149,1.30506720237062,103.773671997467,14.6129174899908,29.8843690026551,34.4806929696351,9.53328252627716,,1.66888344782179,1.82618767365633,36.1215156580588,62.712811190727,0,0,0
415,1705549154,1.30510768982046,103.773642142596,14.4806426440248,30.6693023145199,35.2654822766781,9.73302737647185,,0.827513836606941,2.13483128960323,357.26112150539,141.985533026246,0,0,0
416,1705549156,1.3051316493933,103.773714792483,14.2809239961717,27.9812221620232,32.5775880906731,10.0237738956276,,0.971183515263094,1.81995915849798,32.6014843431668,78.8483846403134,0,0,0
417,1705549171,1.30517068944034,103.773739235454,16.1174332835974,27.2853034837171,31.8817609651014,9.46625669681578,,0.962264644227389,2.0301074665922,30.7811315429788,110.653188867583,0,0,0
418,1705549184,1.30514414432774,103.773795066772,14.5084046423111,26.9920553667471,31.588797996752,9.69159574219152,,0.297447768484277,2.48021492527236,27.2110027111865,180.0,0,0,0
419,1705549209,1.30513581674286,103.773833567447,14.375945823697,26.7610627291724,31.3579789279029,9.88701243901448,,0.0,1.28112155523635,27.2110016125875,180.0,0,0,0
420,1705549233,1.3053447718885,103.774124793918,49.4607694274992,13.6961374282837,20.3063416481018,2.69754576683044,,,,,,0,0,0
421,1705549236,1.30513162754158,103.773854457522,35.0,13.6960926055908,20.3062968254089,2.69268989562988,,,,,,0,0,0
422,1705549243,1.3053447718885,103.774124793918,49.4607694274992,13.6960926055908,20.3062968254089,2.70148825645447,,,,,,0,0,0
423,1705549244,1.30511697381164,103.773854424019,35.0,13.6960926055908,20.3062968254089,2.40991520881653,,,,,,0,0,0
424,1705549250,1.3053447718885,103.774124793918,49.4607694274992,13.6960926055908,20.3062968254089,2.68415403366089,,,,,,0,0,0
425,1705549251,1.30508147302548,103.773784214502,35.0,13.6960926055908,20.3062968254089,2.55376720428467,,,,,,0,0,0
426,1705549256,1.3053447718885,103.774124793918,49.4607694274992,13.6960926055908,20.3062968254089,2.70257592201233,,,,,,0,0,0
427,1705549257,1.30513394865678,103.773848681356,35.0,13.6960926055908,20.3062968254089,2.55257534980774,,,,,,0,0,0
428,1705549268,1.30512064485049,103.773787533239,35.0,13.6960926055908,20.3062968254089,2.69288873672485,,,,,,0,0,0
429,1705549288,1.30512945945418,103.77385518539,35.0,13.6960926055908,20.3062968254089,2.67297697067261,,,,,,0,0,0
430,1705549293,1.3053447718885,103.774124793918,49.4607694274992,13.6960926055908,20.3062968254089,2.6806845664978,,,,,,0,0,0
431,1705549299,1.3053447718885,103.774124793918,49.4607694274992,13.6960926055908,20.3062968254089,2.7053394317627,,,,,,0,0,0
432,1705549305,1.3053447718885,103.774124793918,49.4607694274992,13.6960926055908,20.3062968254089,2.74923825263977,,,,,,0,0,0
433,1705549311,1.3053447718885,103.774124793918,49.4607694274992,13.6960926055908,20.3062968254089,2.6931619644165,,,,,,0,0,0
434,1705549317,1.3053447718885,103.774124793918,49.4607694274992,13.6960926055908,20.3062968254089,2.72733426094055,,,,,,0,0,0
435,1705549323,1.3053447718885,103.774124793918,49.4607694274992,13.6960926055908,20.3062968254089,2.76033449172974,,,,,,0,0,0
436,1705549324,1.30513301287361,103.773844238071,35.0,13.6960926055908,20.3062968254089,2.19954991340637,,,,,,0,0,0
437,1705549329,1.3053447718885,103.774124793918,49.4607694274992,13.6960926055908,20.3062968254089,2.70398902893066,,,,,,0,0,0
438,1705549334,1.30525736206541,103.773722286434,35.0,13.6960926055908,20.3062968254089,2.4816427230835,,,,,,0,0,0
439,1705549359,1.30537330243307,103.773621730321,385.212076007865,39.2488441467285,45.8590483665466,2.78941130638123,,,,,,0,0,0
440,1705549363,1.30570951830916,103.773694047317,35.0,39.4059906005859,46.0161948204041,2.72495365142822,,,,,,0,0,0
441,1705549369,1.30573176607533,103.773742155634,35.0,42.794490814209,49.4046950340271,2.76140546798706,,,,,,0,0,0
442,1705549376,1.30566988636507,103.773789903325,35.0,56.9522018432617,63.5624060630798,2.75163388252258,,,,,,0,0,0
443,1705549382,1.30523819440042,103.773922999581,35.0,67.9309844970703,74.5411887168884,2.78118562698364,,,,,,0,0,0
444,1705549386,1.3051920448639,103.773983998373,35.0,71.8170623779297,78.4272665977478,2.74851250648499,,,,,,0,0,0
445,1705549390,1.30519415984948,103.774053571137,35.0,74.2507781982422,80.8609824180603,2.71768260002136,,,,,,0,0,0
446,1705549397,1.305304135845,103.774127521935,35.0,74.3160171508789,80.926221370697,2.74693036079407,,,,,,0,0,0
447,1705549403,1.30532661942864,103.774171073098,24.1041738740257,100.932373211719,105.530296967365,15.6703063446542,,1.70564036099909,4.48818623926502,40.2248966328469,135.067978593844,0,0,0
448,1705549418,1.30537340561336,103.774180390679,74.0449604518082,104.613760171458,109.211680112407,20.9488591093015,,0.829748293600757,4.33505512757794,,,0,0,0
449,1705549424,1.3053060052428,103.774126573797,24.7304790516015,103.682710895315,108.280510196462,19.4110692464436,,1.10885025064409,3.42334786649323,229.389066753417,180.0,0,0,0
450,1705549430,1.3053062970276,103.774129510545,18.5561787917204,98.4297835286707,103.027582829818,15.8781015708502,,0.420403493698517,3.45571412648774,,,0,0,0
451,1705549444,1.30535223979533,103.774175779475,31.8499807379568,95.2196518871933,99.8176047299057,17.1476456072083,,0.652324132784177,3.52592103891919,,,0,0,0
452,1705549445,1.3053619666485,103.774076717886,28.6884247346729,92.3991478560492,96.9966124175116,17.199152029035,,0.664266536279816,3.90206862748434,,,0,0,0
453,1705549449,1.30536319461545,103.774053617794,23.3990047848859,91.7753569968045,96.3727428801358,13.7403263406791,,0.0,0.718601814926593,,,0,0,0
454,1705549459,1.30536199178451,103.774112059671,21.7274546782403,92.8966135680676,97.4942354857922,12.6718481275859,,0.121222104644212,2.22367160677594,,,0,0,0
455,1705549462,1.30534139831888,103.774121490748,15.4751997556182,92.5217753602192,97.1195083810017,11.1832912841495,,0.0,0.954472699448841,,,0,0,0
456,1705549588,1.30537785404863,103.774074172241,14.2558182092635,93.5133353313431,98.1107669910416,10.0594473247555,,0.0631416709076034,0.831163106984566,,,0,0,0
457,1705549606,1.30531690714822,103.774132928092,35.0,74.7757720947266,81.3859763145447,2.79380393028259,,,,,,0,0,0
458,1706149842,1.30532051867545,103.774180646524,37.2181368545742,89.5618362426758,94.1598381996155,20.2674789428711,,,,,,0,0,0
459,1706149849,1.30532051867545,103.774180646524,37.2181368545742,89.5618362426758,94.1598381996155,20.2674789428711,,,,,,0,0,0
460,1707070911,1.30533258437392,103.774170727156,35.0,99.2456359863281,103.843543052673,16.8340263366699,,,,,,0,0,0
461,1707070914,1.30533258437392,103.774170727156,35.0,99.2456359863281,103.843543052673,16.8340263366699,,,,,,0,0,0
462,1707098606,1.29868429844044,103.773558799807,35.0,35.3152737617493,41.9254779815674,10.9766521453857,,,,,,0,0,0
463,1707145577,1.2986847176049,103.773556894163,35.0,35.1555523872375,41.7657566070557,9.92253494262695,,,,,,0,0,0
464,1707268448,1.29706887194455,103.770881918841,40.0,29.6713886260986,36.2815928459167,48.5398635864258,,,,,,0,0,0
465,1707268453,1.29706887194455,103.770881918841,40.0,29.6713886260986,36.2815928459167,48.5398635864258,,,,,,0,0,0
466,1707268454,1.29713482365059,103.771004228815,35.0,29.8464002609253,36.4566044807434,25.5711784362793,,,,,,0,0,0
467,1707268459,1.29708123095829,103.770904427937,40.0,29.5401172637939,36.1503214836121,21.8296070098877,,,,,,0,0,0
468,1707268460,1.29708410032162,103.77097183428,35.0,29.8483643531799,36.458568572998,15.5357437133789,,,,,,0,0,0
